date,LT1,PT1
2022-09-18 20:00:00,68.15,3733.59
2022-09-18 19:00:00,68.13,3726.57
2022-09-18 18:00:00,68.08,3718.59
2022-09-18 17:00:00,68.05,3709.70
2022-09-18 16:00:00,68.03,3701.17
2022-09-18 15:00:00,67.96,3677.51
2022-09-18 14:00:00,68.32,3694.00
2022-09-18 13:00:00,68.53,3738.24
2022-09-18 12:00:00,68.64,3739.05
2022-09-18 11:00:00,68.70,3736.58
2022-09-18 10:00:00,68.64,3728.77
2022-09-18 09:00:00,68.41,3722.15
2022-09-18 08:00:00,68.84,3707.97
2022-09-18 07:00:00,69.02,3696.73
2022-09-18 06:00:00,69.05,3695.34
2022-09-18 05:00:00,69.32,3735.30
2022-09-18 04:00:00,69.53,3772.69
2022-09-18 03:00:00,70.05,3893.26
2022-09-18 02:00:00,70.16,3908.27
2022-09-18 01:00:00,70.62,3957.29
2022-09-18 00:00:00,70.69,3963.12
2022-09-17 23:00:00,70.72,3962.97
2022-09-17 22:00:00,70.68,3968.77
2022-09-17 21:00:00,71.07,3862.94
2022-09-17 20:00:00,71.79,3701.35
2022-09-17 19:00:00,72.60,3660.49
2022-09-17 18:00:00,74.12,3720.44
2022-09-17 17:00:00,74.47,3660.51
2022-09-17 16:00:00,74.73,3709.21
2022-09-17 15:00:00,75.47,3928.81
2022-09-17 14:00:00,77.37,3813.11
2022-09-17 13:00:00,78.00,3813.61
2022-09-17 12:00:00,75.72,3786.04
2022-09-17 11:00:00,48.18,3830.05
2022-09-17 10:00:00,41.16,3860.54
2022-09-17 09:00:00,42.45,3791.36
2022-09-17 08:00:00,44.64,3677.06
2022-09-17 07:00:00,46.27,3611.69
2022-09-17 06:00:00,48.21,3810.25
2022-09-17 05:00:00,50.04,3914.58
2022-09-17 04:00:00,52.02,3877.35
2022-09-17 03:00:00,54.72,3784.01
2022-09-17 02:00:00,55.82,3739.41
2022-09-17 01:00:00,57.43,3710.73
2022-09-17 00:00:00,59.09,3864.83
2022-09-16 23:00:00,59.86,3830.44
2022-09-16 22:00:00,61.86,3633.41
2022-09-16 21:00:00,63.05,3659.45
2022-09-16 20:00:00,64.87,3953.77
2022-09-16 19:00:00,67.16,4068.99
2022-09-16 18:00:00,70.20,4026.31
2022-09-16 17:00:00,71.43,4295.42
2022-09-16 16:00:00,73.45,4487.39
2022-09-16 15:00:00,74.80,3794.18
2022-09-16 14:00:00,48.99,3828.06
2022-09-16 13:00:00,25.64,4333.57
2022-09-16 12:00:00,26.09,4245.55
2022-09-16 11:00:00,27.64,4136.65
2022-09-16 10:00:00,30.25,3988.45
2022-09-16 09:00:00,33.56,3893.43
2022-09-16 08:00:00,35.25,3817.32
2022-09-16 07:00:00,38.47,3699.94
2022-09-16 06:00:00,40.21,3826.53
2022-09-16 05:00:00,41.41,4023.86
2022-09-16 04:00:00,43.79,3750.32
2022-09-16 03:00:00,45.00,3981.41
2022-09-16 02:00:00,45.81,4092.36
2022-09-16 01:00:00,46.95,4018.16
2022-09-16 00:00:00,48.16,4147.40
2022-09-15 23:00:00,48.96,4101.90
2022-09-15 22:00:00,51.29,3667.43
2022-09-15 21:00:00,52.54,3731.40
2022-09-15 20:00:00,54.86,3838.35
2022-09-15 19:00:00,59.19,3719.49
2022-09-15 18:00:00,62.70,3819.91
2022-09-15 17:00:00,67.31,3749.06
2022-09-15 16:00:00,72.36,4137.88
2022-09-15 15:00:00,76.73,3905.25
2022-09-15 14:00:00,79.87,4105.65
2022-09-15 13:00:00,79.34,3533.30
2022-09-15 12:00:00,46.95,3621.17
2022-09-15 11:00:00,31.44,3663.95
2022-09-15 10:00:00,33.65,3658.88
2022-09-15 09:00:00,35.73,3794.28
2022-09-15 08:00:00,38.69,3759.14
2022-09-15 07:00:00,40.85,3652.64
2022-09-15 06:00:00,44.08,3839.27
2022-09-15 05:00:00,47.23,4019.55
2022-09-15 04:00:00,48.48,4055.18
2022-09-15 03:00:00,51.17,3616.16
2022-09-15 02:00:00,53.09,3648.04
2022-09-15 01:00:00,54.24,3647.60
2022-09-15 00:00:00,56.20,3663.77
2022-09-14 23:00:00,56.98,3736.27
2022-09-14 22:00:00,58.21,3723.29
2022-09-14 21:00:00,63.24,3713.62
2022-09-14 20:00:00,67.37,3965.46
2022-09-14 19:00:00,66.91,3893.79
2022-09-14 18:00:00,41.27,3752.44
2022-09-14 17:00:00,18.37,4664.86
2022-09-14 16:00:00,20.51,4752.89
2022-09-14 15:00:00,24.57,4523.90
2022-09-14 14:00:00,27.71,4352.31
2022-09-14 13:00:00,30.82,4228.93
2022-09-14 12:00:00,32.64,4114.40
2022-09-14 11:00:00,34.74,4031.68
2022-09-14 10:00:00,38.18,3940.25
2022-09-14 09:00:00,40.79,3880.53
2022-09-14 08:00:00,42.81,3728.60
2022-09-14 07:00:00,45.22,3635.72
2022-09-14 06:00:00,47.13,3558.03
2022-09-14 05:00:00,48.23,3545.73
2022-09-14 04:00:00,50.04,3816.75
2022-09-14 03:00:00,52.67,4219.94
2022-09-14 02:00:00,53.65,3780.52
2022-09-14 01:00:00,56.28,3795.21
2022-09-14 00:00:00,59.26,3807.71
2022-09-13 23:00:00,60.34,3632.41
2022-09-13 22:00:00,62.01,3786.43
2022-09-13 21:00:00,64.86,3647.98
2022-09-13 20:00:00,66.84,3650.52
2022-09-13 19:00:00,68.98,3691.48
2022-09-13 18:00:00,71.77,3725.58
2022-09-13 17:00:00,75.82,4112.96
2022-09-13 16:00:00,78.64,3751.44
2022-09-13 15:00:00,82.46,3642.98
2022-09-13 14:00:00,65.12,3622.57
2022-09-13 13:00:00,42.26,3668.01
2022-09-13 12:00:00,44.52,3922.82
2022-09-13 11:00:00,48.16,3868.78
2022-09-13 10:00:00,50.25,3747.31
2022-09-13 09:00:00,52.22,3903.38
2022-09-13 08:00:00,53.67,3916.39
2022-09-13 07:00:00,54.89,3732.19
2022-09-13 06:00:00,57.20,3679.28
2022-09-13 05:00:00,59.25,3722.71
2022-09-13 04:00:00,60.60,3865.61
2022-09-13 03:00:00,61.51,3939.60
2022-09-13 02:00:00,62.21,3919.65
2022-09-13 01:00:00,65.60,3790.68
2022-09-13 00:00:00,69.76,3673.91
2022-09-12 23:00:00,70.94,3765.47
2022-09-12 22:00:00,71.92,3974.53
2022-09-12 21:00:00,72.73,4149.66
2022-09-12 20:00:00,73.58,4308.95
2022-09-12 19:00:00,74.74,4213.86
2022-09-12 18:00:00,61.08,3673.02
2022-09-12 17:00:00,50.46,3947.67
2022-09-12 16:00:00,54.77,4165.41
2022-09-12 15:00:00,58.77,4029.82
2022-09-12 14:00:00,60.15,3831.61
2022-09-12 13:00:00,35.32,3782.82
2022-09-12 12:00:00,9.26,6340.51
2022-09-12 11:00:00,7.82,6735.60
2022-09-12 10:00:00,9.56,6389.91
2022-09-12 09:00:00,12.02,6120.69
2022-09-12 08:00:00,13.15,5851.84
2022-09-12 07:00:00,15.98,5687.72
2022-09-12 06:00:00,18.00,5340.79
2022-09-12 05:00:00,20.63,5012.52
2022-09-12 04:00:00,23.31,4771.44
2022-09-12 03:00:00,25.76,4593.76
2022-09-12 02:00:00,28.25,4437.78
2022-09-12 01:00:00,31.91,4389.88
2022-09-12 00:00:00,34.92,4271.57
2022-09-11 23:00:00,37.40,4171.06
2022-09-11 22:00:00,38.09,4077.12
2022-09-11 21:00:00,38.42,3979.72
2022-09-11 20:00:00,38.42,3973.00
2022-09-11 19:00:00,38.37,3966.78
2022-09-11 18:00:00,38.34,3958.77
2022-09-11 17:00:00,38.30,3949.95
2022-09-11 16:00:00,38.23,3942.76
2022-09-11 15:00:00,38.23,3932.46
2022-09-11 14:00:00,38.28,3923.12
2022-09-11 13:00:00,38.25,3915.66
2022-09-11 12:00:00,38.24,3897.34
2022-09-11 11:00:00,38.33,3888.13
2022-09-11 10:00:00,38.25,3879.41
2022-09-11 09:00:00,37.89,3874.76
2022-09-11 08:00:00,38.22,3863.86
2022-09-11 07:00:00,38.55,3852.39
2022-09-11 06:00:00,38.56,3845.08
2022-09-11 05:00:00,38.56,3837.67
2022-09-11 04:00:00,38.55,3830.34
2022-09-11 03:00:00,38.58,3815.97
2022-09-11 02:00:00,38.63,3800.02
2022-09-11 01:00:00,38.61,3790.78
2022-09-11 00:00:00,38.62,3782.82
2022-09-10 23:00:00,38.61,3773.60
2022-09-10 22:00:00,38.60,3763.09
2022-09-10 21:00:00,38.65,3743.99
2022-09-10 20:00:00,39.29,3691.30
2022-09-10 19:00:00,39.55,3645.06
2022-09-10 18:00:00,40.43,3578.83
2022-09-10 17:00:00,41.37,3558.93
2022-09-10 16:00:00,43.34,3822.81
2022-09-10 15:00:00,44.58,3654.05
2022-09-10 14:00:00,46.79,3786.32
2022-09-10 13:00:00,48.30,3770.41
2022-09-10 12:00:00,50.01,3607.74
2022-09-10 11:00:00,50.89,3711.09
2022-09-10 10:00:00,51.15,3736.09
2022-09-10 09:00:00,51.88,3766.40
2022-09-10 08:00:00,53.05,3799.15
2022-09-10 07:00:00,56.20,3661.82
2022-09-10 06:00:00,59.06,3757.75
2022-09-10 05:00:00,60.53,3810.94
2022-09-10 04:00:00,62.88,3689.98
2022-09-10 03:00:00,65.42,3802.26
2022-09-10 02:00:00,69.48,3756.21
2022-09-10 01:00:00,72.68,3733.45
2022-09-10 00:00:00,75.59,3783.45
2022-09-09 23:00:00,77.93,4217.17
2022-09-09 22:00:00,79.60,3950.91
2022-09-09 21:00:00,73.44,3418.81
2022-09-09 20:00:00,40.98,3708.30
2022-09-09 19:00:00,31.55,3945.05
2022-09-09 18:00:00,35.53,3739.59
2022-09-09 17:00:00,39.48,3717.26
2022-09-09 16:00:00,42.50,3853.12
2022-09-09 15:00:00,46.02,3770.67
2022-09-09 14:00:00,48.84,3721.54
2022-09-09 13:00:00,51.90,3859.16
2022-09-09 12:00:00,54.68,3944.65
2022-09-09 11:00:00,56.79,3938.67
2022-09-09 10:00:00,58.61,3636.49
2022-09-09 09:00:00,57.78,3170.64
2022-09-09 08:00:00,26.72,3467.51
2022-09-09 07:00:00,10.54,4692.03
2022-09-09 06:00:00,13.16,4497.15
2022-09-09 05:00:00,14.96,4328.53
2022-09-09 04:00:00,17.98,4158.36
2022-09-09 03:00:00,20.80,4024.58
2022-09-09 02:00:00,23.05,3909.08
2022-09-09 01:00:00,25.95,3834.81
2022-09-09 00:00:00,28.18,3784.62
2022-09-08 23:00:00,29.88,3931.30
2022-09-08 22:00:00,32.18,3668.72
2022-09-08 21:00:00,33.34,3780.88
2022-09-08 20:00:00,35.57,3918.44
2022-09-08 19:00:00,38.54,3637.79
2022-09-08 18:00:00,41.04,3760.67
2022-09-08 17:00:00,42.22,3851.45
2022-09-08 16:00:00,44.56,4026.25
2022-09-08 15:00:00,45.95,3934.89
2022-09-08 14:00:00,24.30,4252.07
2022-09-08 13:00:00,14.55,4936.83
2022-09-08 12:00:00,17.83,4632.70
2022-09-08 11:00:00,21.44,4444.07
2022-09-08 10:00:00,24.00,4246.48
2022-09-08 09:00:00,27.99,4139.31
2022-09-08 08:00:00,30.43,4035.54
2022-09-08 07:00:00,31.65,3961.79
2022-09-08 06:00:00,33.98,3797.74
2022-09-08 05:00:00,36.37,3710.26
2022-09-08 04:00:00,40.12,3910.58
2022-09-08 03:00:00,41.84,3656.82
2022-09-08 02:00:00,42.80,3761.15
2022-09-08 01:00:00,44.18,3951.29
2022-09-08 00:00:00,45.33,3932.18
2022-09-07 23:00:00,47.39,3677.67
2022-09-07 22:00:00,48.01,3670.03
2022-09-07 21:00:00,49.11,3764.42
2022-09-07 20:00:00,50.92,3827.81
2022-09-07 19:00:00,53.69,3891.74
2022-09-07 18:00:00,58.17,3889.11
2022-09-07 17:00:00,60.18,3796.42
2022-09-07 16:00:00,63.14,4000.96
2022-09-07 15:00:00,66.48,3654.76
2022-09-07 14:00:00,70.16,4199.02
2022-09-07 13:00:00,72.18,3754.63
2022-09-07 12:00:00,49.19,3729.74
2022-09-07 11:00:00,28.03,3996.39
2022-09-07 10:00:00,30.22,3863.74
2022-09-07 09:00:00,32.54,3637.42
2022-09-07 08:00:00,34.29,3536.31
2022-09-07 07:00:00,37.16,3680.55
2022-09-07 06:00:00,39.83,3946.37
2022-09-07 05:00:00,42.60,4087.89
2022-09-07 04:00:00,46.00,3651.82
2022-09-07 03:00:00,48.13,3829.14
2022-09-07 02:00:00,50.16,4083.94
2022-09-07 01:00:00,50.53,3958.18
2022-09-07 00:00:00,51.45,3841.03
2022-09-06 23:00:00,52.93,3982.53
2022-09-06 22:00:00,54.57,3601.03
2022-09-06 21:00:00,57.71,3668.17
2022-09-06 20:00:00,60.72,3870.31
2022-09-06 19:00:00,60.68,3882.04
2022-09-06 18:00:00,63.57,3894.66
2022-09-06 17:00:00,66.78,3762.71
2022-09-06 16:00:00,69.71,3828.53
2022-09-06 15:00:00,58.86,3547.19
2022-09-06 14:00:00,23.68,4506.13
2022-09-06 13:00:00,17.42,5113.61
2022-09-06 12:00:00,19.43,4942.79
2022-09-06 11:00:00,23.01,4721.79
2022-09-06 10:00:00,25.59,4584.56
2022-09-06 09:00:00,28.16,4489.04
2022-09-06 08:00:00,29.61,4340.91
2022-09-06 07:00:00,31.24,4246.41
2022-09-06 06:00:00,34.36,4162.18
2022-09-06 05:00:00,36.38,4052.84
2022-09-06 04:00:00,38.07,3955.19
2022-09-06 03:00:00,39.55,3891.08
2022-09-06 02:00:00,41.21,3885.33
2022-09-06 01:00:00,42.47,3742.57
2022-09-06 00:00:00,45.02,3638.63
2022-09-05 23:00:00,46.05,3602.15
2022-09-05 22:00:00,49.17,3832.28
2022-09-05 21:00:00,51.93,3650.83
2022-09-05 20:00:00,55.05,4034.36
2022-09-05 19:00:00,58.63,3939.80
2022-09-05 18:00:00,60.98,4018.47
2022-09-05 17:00:00,62.72,4211.03
2022-09-05 16:00:00,65.96,4204.36
2022-09-05 15:00:00,70.23,3870.32
2022-09-05 14:00:00,67.76,3623.47
2022-09-05 13:00:00,41.66,4239.88
2022-09-05 12:00:00,39.57,4489.77
2022-09-05 11:00:00,41.47,4379.84
2022-09-05 10:00:00,43.49,4240.61
2022-09-05 09:00:00,45.78,4252.33
2022-09-05 08:00:00,47.34,3943.92
2022-09-05 07:00:00,48.94,3819.90
2022-09-05 06:00:00,51.19,3786.08
2022-09-05 05:00:00,53.07,3923.98
2022-09-05 04:00:00,55.14,3691.41
2022-09-05 03:00:00,58.54,3780.81
2022-09-05 02:00:00,62.17,3776.38
2022-09-05 01:00:00,63.00,3847.73
2022-09-05 00:00:00,64.13,3794.58
2022-09-04 23:00:00,67.29,3620.77
2022-09-04 22:00:00,69.01,3793.67
2022-09-04 21:00:00,70.58,3829.58
2022-09-04 20:00:00,70.51,3823.96
2022-09-04 19:00:00,70.43,3819.06
2022-09-04 18:00:00,70.36,3813.01
2022-09-04 17:00:00,70.36,3805.39
2022-09-04 16:00:00,70.32,3803.70
2022-09-04 15:00:00,70.28,3797.07
2022-09-04 14:00:00,70.25,3788.38
2022-09-04 13:00:00,70.27,3780.40
2022-09-04 12:00:00,70.29,3771.16
2022-09-04 11:00:00,70.36,3762.91
2022-09-04 10:00:00,70.31,3764.95
2022-09-04 09:00:00,70.53,3862.89
2022-09-04 08:00:00,70.84,3869.97
2022-09-04 07:00:00,71.31,3882.65
2022-09-04 06:00:00,71.38,3881.19
2022-09-04 05:00:00,71.36,3876.64
2022-09-04 04:00:00,71.36,3871.53
2022-09-04 03:00:00,71.36,3867.34
2022-09-04 02:00:00,71.34,3862.56
2022-09-04 01:00:00,71.32,3857.61
2022-09-04 00:00:00,71.31,3855.04
2022-09-03 23:00:00,71.32,3857.71
2022-09-03 22:00:00,71.30,3852.67
2022-09-03 21:00:00,71.26,3846.74
2022-09-03 20:00:00,71.60,3767.60
2022-09-03 19:00:00,72.68,3697.99
2022-09-03 18:00:00,72.67,3714.98
2022-09-03 17:00:00,72.67,3707.88
2022-09-03 16:00:00,73.70,3935.68
2022-09-03 15:00:00,73.74,3986.24
2022-09-03 14:00:00,48.32,3829.60
2022-09-03 13:00:00,28.17,4755.73
2022-09-03 12:00:00,28.45,4722.30
2022-09-03 11:00:00,29.60,4665.59
2022-09-03 10:00:00,31.26,4600.34
2022-09-03 09:00:00,33.25,4503.38
2022-09-03 08:00:00,35.14,4442.31
2022-09-03 07:00:00,37.84,4308.07
2022-09-03 06:00:00,39.13,4240.91
2022-09-03 05:00:00,41.43,4147.37
2022-09-03 04:00:00,43.12,4083.06
2022-09-03 03:00:00,44.40,4045.10
2022-09-03 02:00:00,44.85,4014.02
2022-09-03 01:00:00,46.42,3853.02
2022-09-03 00:00:00,47.41,3793.92
2022-09-02 23:00:00,48.33,3720.78
2022-09-02 22:00:00,50.29,3686.58
2022-09-02 21:00:00,52.30,3918.45
2022-09-02 20:00:00,53.37,3867.77
2022-09-02 19:00:00,55.66,3660.73
2022-09-02 18:00:00,57.83,3729.21
2022-09-02 17:00:00,60.27,3639.66
2022-09-02 16:00:00,63.35,4073.07
2022-09-02 15:00:00,67.06,4153.78
2022-09-02 14:00:00,70.83,3670.28
2022-09-02 13:00:00,74.81,3750.84
2022-09-02 12:00:00,75.59,3843.06
2022-09-02 11:00:00,51.41,3774.36
2022-09-02 10:00:00,44.63,3756.56
2022-09-02 09:00:00,46.93,3652.88
2022-09-02 08:00:00,49.88,3591.56
2022-09-02 07:00:00,52.69,3824.41
2022-09-02 06:00:00,54.13,4001.81
2022-09-02 05:00:00,55.28,4061.23
2022-09-02 04:00:00,57.28,3682.48
2022-09-02 03:00:00,58.84,3763.25
2022-09-02 02:00:00,60.56,3693.78
2022-09-02 01:00:00,61.99,3668.79
2022-09-02 00:00:00,63.60,3926.59
2022-09-01 23:00:00,64.04,4006.78
2022-09-01 22:00:00,64.37,4058.22
2022-09-01 21:00:00,65.54,3871.60
2022-09-01 20:00:00,67.81,3848.78
2022-09-01 19:00:00,71.52,3790.98
2022-09-01 18:00:00,74.19,4272.83
2022-09-01 17:00:00,76.88,3946.38
2022-09-01 16:00:00,79.85,3769.71
2022-09-01 15:00:00,82.07,3879.24
2022-09-01 14:00:00,56.58,3531.40
2022-09-01 13:00:00,46.42,3647.12
2022-09-01 12:00:00,48.25,3778.44
2022-09-01 11:00:00,49.66,3810.31
2022-09-01 10:00:00,50.71,3816.44
2022-09-01 09:00:00,52.40,3883.98
2022-09-01 08:00:00,54.32,4126.19
2022-09-01 07:00:00,55.88,4319.96
2022-09-01 06:00:00,57.80,4470.82
2022-09-01 05:00:00,60.04,4317.40
2022-09-01 04:00:00,63.17,3724.49
2022-09-01 03:00:00,65.61,3774.75
2022-09-01 02:00:00,67.02,3685.17
2022-09-01 01:00:00,68.40,3831.14
2022-09-01 00:00:00,69.23,3691.11
2022-08-31 23:00:00,69.57,3749.52
2022-08-31 22:00:00,71.26,3739.11
2022-08-31 21:00:00,73.77,3779.50
2022-08-31 20:00:00,77.29,3887.56
2022-08-31 19:00:00,80.48,4268.93
2022-08-31 18:00:00,83.14,3679.80
2022-08-31 17:00:00,57.46,3361.64
2022-08-31 16:00:00,36.99,3819.18
2022-08-31 15:00:00,38.99,3832.49
2022-08-31 14:00:00,42.05,3624.09
2022-08-31 13:00:00,45.47,3739.66
2022-08-31 12:00:00,47.30,3911.09
2022-08-31 11:00:00,48.64,3925.19
2022-08-31 10:00:00,45.80,3872.49
2022-08-31 09:00:00,20.39,3991.51
2022-08-31 08:00:00,16.87,4087.45
2022-08-31 07:00:00,18.58,3952.28
2022-08-31 06:00:00,20.48,3830.56
2022-08-31 05:00:00,22.73,3704.59
2022-08-31 04:00:00,24.60,3589.17
2022-08-31 03:00:00,27.24,3674.87
2022-08-31 02:00:00,28.31,3863.87
2022-08-31 01:00:00,29.13,3932.94
2022-08-31 00:00:00,30.09,3986.74
2022-08-30 23:00:00,26.57,4048.99
2022-08-30 22:00:00,14.83,5355.75
2022-08-30 21:00:00,16.55,5260.38
2022-08-30 20:00:00,18.16,5163.09
2022-08-30 19:00:00,19.75,5060.67
2022-08-30 18:00:00,21.64,4911.63
2022-08-30 17:00:00,23.41,4835.27
2022-08-30 16:00:00,25.47,4762.22
2022-08-30 15:00:00,26.85,4643.92
2022-08-30 14:00:00,29.87,4500.10
2022-08-30 13:00:00,32.82,4431.15
2022-08-30 12:00:00,35.19,4332.62
2022-08-30 11:00:00,37.86,4210.95
2022-08-30 10:00:00,40.28,4060.92
2022-08-30 09:00:00,42.20,4014.30
2022-08-30 08:00:00,44.41,3851.57
2022-08-30 07:00:00,46.16,3830.30
2022-08-30 06:00:00,46.68,3917.02
2022-08-30 05:00:00,48.66,3928.04
2022-08-30 04:00:00,50.85,3590.05
2022-08-30 03:00:00,52.32,3753.13
2022-08-30 02:00:00,54.39,3979.25
2022-08-30 01:00:00,56.21,3602.46
2022-08-30 00:00:00,57.18,3672.13
2022-08-29 23:00:00,58.69,3908.79
2022-08-29 22:00:00,60.21,3608.01
2022-08-29 21:00:00,61.58,3821.30
2022-08-29 20:00:00,65.21,3783.61
2022-08-29 19:00:00,67.32,4062.90
2022-08-29 18:00:00,69.76,3879.83
2022-08-29 17:00:00,72.20,3808.32
2022-08-29 16:00:00,75.24,4267.78
2022-08-29 15:00:00,79.23,3685.19
2022-08-29 14:00:00,80.70,3622.48
2022-08-29 13:00:00,52.69,3699.94
2022-08-29 12:00:00,31.59,3956.48
2022-08-29 11:00:00,17.98,4901.21
2022-08-29 10:00:00,19.96,4660.81
2022-08-29 09:00:00,20.89,4525.54
2022-08-29 08:00:00,23.15,4418.96
2022-08-29 07:00:00,26.01,4272.95
2022-08-29 06:00:00,30.20,4144.74
2022-08-29 05:00:00,33.01,3804.38
2022-08-29 04:00:00,34.65,3724.16
2022-08-29 03:00:00,36.55,3659.97
2022-08-29 02:00:00,37.77,3792.60
2022-08-29 01:00:00,40.06,3801.42
2022-08-29 00:00:00,43.25,4025.60
2022-08-28 23:00:00,45.04,4356.99
2022-08-28 22:00:00,45.89,4384.56
2022-08-28 21:00:00,46.12,4412.28
2022-08-28 20:00:00,46.09,4407.90
2022-08-28 19:00:00,46.33,4428.92
2022-08-28 18:00:00,46.97,4515.82
2022-08-28 17:00:00,47.05,4472.13
2022-08-28 16:00:00,47.05,4458.33
2022-08-28 15:00:00,47.03,4449.91
2022-08-28 14:00:00,47.02,4442.58
2022-08-28 13:00:00,47.06,4435.34
2022-08-28 12:00:00,47.38,4400.20
2022-08-28 11:00:00,47.54,4350.20
2022-08-28 10:00:00,47.59,4340.52
2022-08-28 09:00:00,47.67,4332.62
2022-08-28 08:00:00,47.81,4333.75
2022-08-28 07:00:00,47.86,4325.38
2022-08-28 06:00:00,47.86,4316.46
2022-08-28 05:00:00,47.86,4308.97
2022-08-28 04:00:00,47.84,4300.04
2022-08-28 03:00:00,47.82,4292.24
2022-08-28 02:00:00,47.81,4283.36
2022-08-28 01:00:00,47.81,4277.66
2022-08-28 00:00:00,47.96,4203.57
2022-08-27 23:00:00,48.46,4128.86
2022-08-27 22:00:00,48.64,4116.24
2022-08-27 21:00:00,48.82,4072.49
2022-08-27 20:00:00,48.76,4034.22
2022-08-27 19:00:00,48.64,3893.07
2022-08-27 18:00:00,34.24,3793.64
2022-08-27 17:00:00,13.72,5138.40
2022-08-27 16:00:00,11.79,5464.56
2022-08-27 15:00:00,12.69,5314.36
2022-08-27 14:00:00,12.87,5263.98
2022-08-27 13:00:00,12.93,5217.28
2022-08-27 12:00:00,14.29,5072.35
2022-08-27 11:00:00,15.66,4789.38
2022-08-27 10:00:00,16.45,4696.41
2022-08-27 09:00:00,18.63,4386.18
2022-08-27 08:00:00,21.19,4282.83
2022-08-27 07:00:00,24.83,4154.09
2022-08-27 06:00:00,27.35,3983.27
2022-08-27 05:00:00,30.11,3863.75
2022-08-27 04:00:00,30.90,3817.96
2022-08-27 03:00:00,33.46,3735.07
2022-08-27 02:00:00,35.70,3653.92
2022-08-27 01:00:00,36.96,3764.93
2022-08-27 00:00:00,37.37,3830.44
2022-08-26 23:00:00,38.38,3963.33
2022-08-26 22:00:00,41.57,3685.39
2022-08-26 21:00:00,44.14,3857.05
2022-08-26 20:00:00,45.54,3929.43
2022-08-26 19:00:00,46.29,3893.13
2022-08-26 18:00:00,49.40,3784.81
2022-08-26 17:00:00,52.29,3840.26
2022-08-26 16:00:00,54.50,3693.47
2022-08-26 15:00:00,57.28,3944.81
2022-08-26 14:00:00,59.40,3634.10
2022-08-26 13:00:00,61.65,3891.79
2022-08-26 12:00:00,63.48,3825.14
2022-08-26 11:00:00,66.76,4086.02
2022-08-26 10:00:00,51.74,3629.61
2022-08-26 09:00:00,26.14,4062.03
2022-08-26 08:00:00,28.43,4084.24
2022-08-26 07:00:00,29.89,3995.04
2022-08-26 06:00:00,31.99,3847.89
2022-08-26 05:00:00,34.87,3737.64
2022-08-26 04:00:00,36.85,3630.63
2022-08-26 03:00:00,37.40,3580.12
2022-08-26 02:00:00,40.27,3746.50
2022-08-26 01:00:00,42.35,3933.51
2022-08-26 00:00:00,43.90,3580.02
2022-08-25 23:00:00,45.52,3694.50
2022-08-25 22:00:00,47.76,3913.61
2022-08-25 21:00:00,49.30,4098.89
2022-08-25 20:00:00,51.06,3968.38
2022-08-25 19:00:00,53.84,3663.27
2022-08-25 18:00:00,57.02,3747.82
2022-08-25 17:00:00,58.95,3881.43
2022-08-25 16:00:00,61.07,3970.95
2022-08-25 15:00:00,63.89,3869.16
2022-08-25 14:00:00,53.78,3735.53
2022-08-25 13:00:00,22.96,4367.71
2022-08-25 12:00:00,20.42,4574.26
2022-08-25 11:00:00,23.51,4488.16
2022-08-25 10:00:00,26.17,4235.00
2022-08-25 09:00:00,28.03,4027.69
2022-08-25 08:00:00,30.00,3952.20
2022-08-25 07:00:00,32.16,3869.81
2022-08-25 06:00:00,35.61,3732.01
2022-08-25 05:00:00,38.67,3606.89
2022-08-25 04:00:00,41.75,3683.52
2022-08-25 03:00:00,44.06,4017.65
2022-08-25 02:00:00,44.30,4076.97
2022-08-25 01:00:00,44.51,4153.11
2022-08-25 00:00:00,45.30,4208.17
2022-08-24 23:00:00,47.35,4010.94
2022-08-24 22:00:00,49.97,3652.57
2022-08-24 21:00:00,50.73,3686.64
2022-08-24 20:00:00,52.31,3853.16
2022-08-24 19:00:00,52.91,3847.20
2022-08-24 18:00:00,54.40,3947.33
2022-08-24 17:00:00,57.00,4241.64
2022-08-24 16:00:00,60.18,4293.41
2022-08-24 15:00:00,61.95,4200.26
2022-08-24 14:00:00,64.01,4295.21
2022-08-24 13:00:00,63.89,3854.25
2022-08-24 12:00:00,35.85,3866.29
2022-08-24 11:00:00,20.09,4954.53
2022-08-24 10:00:00,21.70,4814.65
2022-08-24 09:00:00,22.34,4802.03
2022-08-24 08:00:00,16.05,5988.64
2022-08-24 07:00:00,19.02,5798.51
2022-08-24 06:00:00,23.79,5778.01
2022-08-24 05:00:00,27.46,5654.88
2022-08-24 04:00:00,29.38,5578.46
2022-08-24 03:00:00,30.38,5503.93
2022-08-24 02:00:00,31.04,5454.48
2022-08-24 01:00:00,31.60,5387.42
2022-08-24 00:00:00,32.03,5240.80
2022-08-23 23:00:00,32.02,5227.13
2022-08-23 22:00:00,32.03,5207.08
2022-08-23 21:00:00,33.36,5095.43
2022-08-23 20:00:00,34.74,5013.94
2022-08-23 19:00:00,35.30,4955.61
2022-08-23 18:00:00,36.39,4842.03
2022-08-23 17:00:00,38.04,4788.06
2022-08-23 16:00:00,40.90,4602.44
2022-08-23 15:00:00,44.34,4553.86
2022-08-23 14:00:00,47.13,4398.19
2022-08-23 13:00:00,50.57,4318.19
2022-08-23 12:00:00,51.99,4273.55
2022-08-23 11:00:00,53.60,4553.77
2022-08-23 10:00:00,54.90,4152.72
2022-08-23 09:00:00,56.53,3911.60
2022-08-23 08:00:00,58.08,3897.31
2022-08-23 07:00:00,59.24,3928.07
2022-08-23 06:00:00,61.03,3740.45
2022-08-23 05:00:00,63.08,3632.97
2022-08-23 04:00:00,64.01,3667.25
2022-08-23 03:00:00,64.77,3702.59
2022-08-23 02:00:00,66.59,3636.77
2022-08-23 01:00:00,67.66,3646.99
2022-08-23 00:00:00,70.13,4208.71
2022-08-22 23:00:00,70.70,4153.55
2022-08-22 22:00:00,71.64,3761.45
2022-08-22 21:00:00,72.26,3875.91
2022-08-22 20:00:00,73.48,3840.44
2022-08-22 19:00:00,75.18,3823.63
2022-08-22 18:00:00,77.52,4105.52
2022-08-22 17:00:00,80.89,4498.47
2022-08-22 16:00:00,79.34,3952.53
2022-08-22 15:00:00,51.53,3942.66
2022-08-22 14:00:00,33.94,4992.53
2022-08-22 13:00:00,35.76,4819.48
2022-08-22 12:00:00,37.98,4708.73
2022-08-22 11:00:00,40.14,4500.64
2022-08-22 10:00:00,42.43,4341.46
2022-08-22 09:00:00,43.42,4162.65
2022-08-22 08:00:00,43.59,4125.30
2022-08-22 07:00:00,44.43,4048.54
2022-08-22 06:00:00,45.90,3994.34
2022-08-22 05:00:00,48.71,3885.59
2022-08-22 04:00:00,49.97,3756.28
2022-08-22 03:00:00,52.34,3680.43
2022-08-22 02:00:00,53.08,3686.03
2022-08-22 01:00:00,53.92,3753.94
2022-08-22 00:00:00,55.34,3897.01
2022-08-21 23:00:00,56.49,4031.93
2022-08-21 22:00:00,57.71,4216.08
2022-08-21 21:00:00,57.70,4209.71
2022-08-21 20:00:00,57.68,4203.19
2022-08-21 19:00:00,57.63,4197.14
2022-08-21 18:00:00,57.58,4189.58
2022-08-21 17:00:00,57.54,4182.58
2022-08-21 16:00:00,57.48,4175.23
2022-08-21 15:00:00,57.45,4166.59
2022-08-21 14:00:00,57.46,4161.10
2022-08-21 13:00:00,57.49,4155.34
2022-08-21 12:00:00,57.48,4150.23
2022-08-21 11:00:00,57.56,4144.97
2022-08-21 10:00:00,57.31,4136.98
2022-08-21 09:00:00,57.35,4133.68
2022-08-21 08:00:00,57.34,4127.20
2022-08-21 07:00:00,57.74,4112.00
2022-08-21 06:00:00,58.09,4113.33
2022-08-21 05:00:00,58.21,4124.45
2022-08-21 04:00:00,58.50,4179.15
2022-08-21 03:00:00,59.04,4118.58
2022-08-21 02:00:00,59.04,4100.59
2022-08-21 01:00:00,59.03,4092.08
2022-08-21 00:00:00,59.03,4083.42
2022-08-20 23:00:00,59.01,4074.67
2022-08-20 22:00:00,59.05,4080.87
2022-08-20 21:00:00,59.02,4074.75
2022-08-20 20:00:00,58.95,4066.52
2022-08-20 19:00:00,58.91,4058.34
2022-08-20 18:00:00,58.85,4049.47
2022-08-20 17:00:00,58.89,4045.81
2022-08-20 16:00:00,58.93,4050.34
2022-08-20 15:00:00,59.17,4086.98
2022-08-20 14:00:00,59.23,4099.92
2022-08-20 13:00:00,59.25,4091.33
2022-08-20 12:00:00,58.75,3991.12
2022-08-20 11:00:00,39.03,3912.67
2022-08-20 10:00:00,34.35,3984.96
2022-08-20 09:00:00,34.87,3883.88
2022-08-20 08:00:00,34.98,3792.46
2022-08-20 07:00:00,36.27,3728.55
2022-08-20 06:00:00,36.76,3681.85
2022-08-20 05:00:00,39.04,3600.12
2022-08-20 04:00:00,40.61,3748.81
2022-08-20 03:00:00,41.37,3893.23
2022-08-20 02:00:00,42.37,4047.27
2022-08-20 01:00:00,43.61,3886.43
2022-08-20 00:00:00,45.69,3604.01
2022-08-19 23:00:00,47.49,3663.07
2022-08-19 22:00:00,47.73,3612.93
2022-08-19 21:00:00,49.19,3640.01
2022-08-19 20:00:00,51.10,3703.98
2022-08-19 19:00:00,52.75,3849.30
2022-08-19 18:00:00,54.00,3997.00
2022-08-19 17:00:00,55.14,3890.64
2022-08-19 16:00:00,56.52,3804.84
2022-08-19 15:00:00,35.36,3908.25
2022-08-19 14:00:00,19.41,4768.35
2022-08-19 13:00:00,21.86,4614.69
2022-08-19 12:00:00,23.70,4332.66
2022-08-19 11:00:00,25.62,4209.56
2022-08-19 10:00:00,26.34,4125.11
2022-08-19 09:00:00,26.94,4060.62
2022-08-19 08:00:00,30.65,3979.04
2022-08-19 07:00:00,32.85,3873.75
2022-08-19 06:00:00,34.97,3890.30
2022-08-19 05:00:00,38.55,3824.64
2022-08-19 04:00:00,41.86,3946.12
2022-08-19 03:00:00,42.67,3592.45
2022-08-19 02:00:00,43.05,3642.33
2022-08-19 01:00:00,44.34,3719.12
2022-08-19 00:00:00,44.75,3780.48
2022-08-18 23:00:00,45.48,3841.86
2022-08-18 22:00:00,46.61,3957.03
2022-08-18 21:00:00,48.94,4041.60
2022-08-18 20:00:00,51.39,3661.21
2022-08-18 19:00:00,53.20,3868.33
2022-08-18 18:00:00,54.82,4049.79
2022-08-18 17:00:00,56.24,4064.86
2022-08-18 16:00:00,59.45,3680.37
2022-08-18 15:00:00,60.37,3776.83
2022-08-18 14:00:00,62.40,3884.76
2022-08-18 13:00:00,64.10,3936.83
2022-08-18 12:00:00,57.49,3669.51
2022-08-18 11:00:00,25.75,4042.53
2022-08-18 10:00:00,12.44,5129.18
2022-08-18 09:00:00,15.26,4802.79
2022-08-18 08:00:00,17.14,4623.83
2022-08-18 07:00:00,19.14,4446.19
2022-08-18 06:00:00,21.34,4277.00
2022-08-18 05:00:00,24.96,4026.59
2022-08-18 04:00:00,27.89,3858.00
2022-08-18 03:00:00,28.84,3758.81
2022-08-18 02:00:00,31.18,3681.94
2022-08-18 01:00:00,31.96,3658.02
2022-08-18 00:00:00,33.10,3612.02
2022-08-17 23:00:00,34.32,3801.54
2022-08-17 22:00:00,36.00,3918.84
2022-08-17 21:00:00,38.87,3593.58
2022-08-17 20:00:00,42.53,3800.49
2022-08-17 19:00:00,46.37,3781.48
2022-08-17 18:00:00,36.60,3808.26
2022-08-17 17:00:00,33.10,3844.31
2022-08-17 16:00:00,37.52,4120.38
2022-08-17 15:00:00,42.25,3754.91
2022-08-17 14:00:00,45.95,3955.61
2022-08-17 13:00:00,48.58,4034.85
2022-08-17 12:00:00,51.24,4258.76
2022-08-17 11:00:00,51.61,4273.04
2022-08-17 10:00:00,51.74,4281.52
2022-08-17 09:00:00,52.24,4334.71
2022-08-17 08:00:00,52.48,4366.69
2022-08-17 07:00:00,52.57,4370.18
2022-08-17 06:00:00,52.65,4378.41
2022-08-17 05:00:00,52.72,4379.16
2022-08-17 04:00:00,52.92,4405.79
2022-08-17 03:00:00,52.93,4407.99
2022-08-17 02:00:00,52.95,4401.71
2022-08-17 01:00:00,53.06,4406.51
2022-08-17 00:00:00,53.15,4410.03
2022-08-16 23:00:00,53.17,4404.31
2022-08-16 22:00:00,53.12,4399.81
2022-08-16 21:00:00,53.10,4394.83
2022-08-16 20:00:00,53.05,4390.65
2022-08-16 19:00:00,53.07,4401.57
2022-08-16 18:00:00,53.14,4413.75
2022-08-16 17:00:00,53.19,4424.99
2022-08-16 16:00:00,53.60,4451.04
2022-08-16 15:00:00,55.41,4548.58
2022-08-16 14:00:00,57.86,4024.49
2022-08-16 13:00:00,60.22,3651.46
2022-08-16 12:00:00,63.66,3664.28
2022-08-16 11:00:00,67.29,3768.43
2022-08-16 10:00:00,50.10,3854.85
2022-08-16 09:00:00,16.77,5096.35
2022-08-16 08:00:00,11.41,6019.03
2022-08-16 07:00:00,14.76,5947.59
2022-08-16 06:00:00,17.68,5817.02
2022-08-16 05:00:00,20.79,5765.18
2022-08-16 04:00:00,24.07,5720.50
2022-08-16 03:00:00,27.36,5704.03
2022-08-16 02:00:00,30.70,5678.60
2022-08-16 01:00:00,33.12,5584.05
2022-08-16 00:00:00,36.21,5524.69
2022-08-15 23:00:00,38.37,5453.46
2022-08-15 22:00:00,40.33,5356.91
2022-08-15 21:00:00,40.91,5281.97
2022-08-15 20:00:00,40.88,5273.82
2022-08-15 19:00:00,40.86,5266.68
2022-08-15 18:00:00,40.78,5259.63
2022-08-15 17:00:00,40.75,5251.76
2022-08-15 16:00:00,40.74,5240.28
2022-08-15 15:00:00,40.74,5228.28
2022-08-15 14:00:00,40.74,5211.09
2022-08-15 13:00:00,40.77,5184.23
2022-08-15 12:00:00,40.80,5168.53
2022-08-15 11:00:00,41.15,5128.78
2022-08-15 10:00:00,41.04,5086.87
2022-08-15 09:00:00,41.04,5076.45
2022-08-15 08:00:00,41.38,5062.45
2022-08-15 07:00:00,41.47,5052.62
2022-08-15 06:00:00,41.58,5042.17
2022-08-15 05:00:00,41.57,5033.30
2022-08-15 04:00:00,41.56,5024.73
2022-08-15 03:00:00,41.56,5015.80
2022-08-15 02:00:00,41.56,5006.55
2022-08-15 01:00:00,41.55,4996.73
2022-08-15 00:00:00,41.55,4988.26
2022-08-14 23:00:00,41.54,4978.44
2022-08-14 22:00:00,41.52,4970.04
2022-08-14 21:00:00,41.49,4961.57
2022-08-14 20:00:00,41.47,4953.28
2022-08-14 19:00:00,41.42,4946.72
2022-08-14 18:00:00,41.40,4938.58
2022-08-14 17:00:00,41.38,4930.10
2022-08-14 16:00:00,41.33,4921.59
2022-08-14 15:00:00,41.30,4912.97
2022-08-14 14:00:00,41.31,4905.26
2022-08-14 13:00:00,41.35,4896.59
2022-08-14 12:00:00,41.37,4888.40
2022-08-14 11:00:00,41.35,4878.87
2022-08-14 10:00:00,41.31,4869.29
2022-08-14 09:00:00,41.32,4858.33
2022-08-14 08:00:00,41.21,4848.58
2022-08-14 07:00:00,41.48,4831.44
2022-08-14 06:00:00,41.76,4812.16
2022-08-14 05:00:00,41.84,4792.07
2022-08-14 04:00:00,41.82,4780.87
2022-08-14 03:00:00,41.80,4767.58
2022-08-14 02:00:00,41.90,4734.99
2022-08-14 01:00:00,42.17,4666.43
2022-08-14 00:00:00,42.16,4657.01
2022-08-13 23:00:00,42.16,4645.08
2022-08-13 22:00:00,42.24,4629.21
2022-08-13 21:00:00,42.20,4618.10
2022-08-13 20:00:00,42.17,4604.57
2022-08-13 19:00:00,42.31,4566.22
2022-08-13 18:00:00,42.73,4499.33
2022-08-13 17:00:00,42.72,4483.78
2022-08-13 16:00:00,42.73,4431.92
2022-08-13 15:00:00,42.77,4380.46
2022-08-13 14:00:00,42.77,4356.45
2022-08-13 13:00:00,43.04,4286.47
2022-08-13 12:00:00,43.08,4272.18
2022-08-13 11:00:00,43.11,4254.06
2022-08-13 10:00:00,43.06,4240.11
2022-08-13 09:00:00,43.35,4186.73
2022-08-13 08:00:00,43.59,4152.62
2022-08-13 07:00:00,44.75,4098.00
2022-08-13 06:00:00,47.32,4015.26
2022-08-13 05:00:00,48.83,3939.72
2022-08-13 04:00:00,50.88,3869.35
2022-08-13 03:00:00,52.23,3793.09
2022-08-13 02:00:00,52.90,3821.77
2022-08-13 01:00:00,54.90,3748.41
2022-08-13 00:00:00,56.22,3592.70
2022-08-12 23:00:00,56.69,3612.13
2022-08-12 22:00:00,57.99,3801.19
2022-08-12 21:00:00,59.97,3750.10
2022-08-12 20:00:00,62.27,3708.94
2022-08-12 19:00:00,64.19,3890.90
2022-08-12 18:00:00,66.37,3739.28
2022-08-12 17:00:00,69.42,3726.29
2022-08-12 16:00:00,71.55,3803.40
2022-08-12 15:00:00,74.37,4154.49
2022-08-12 14:00:00,76.81,5034.19
2022-08-12 13:00:00,78.50,4018.06
2022-08-12 12:00:00,80.48,3728.17
2022-08-12 11:00:00,69.13,3608.39
2022-08-12 10:00:00,43.69,4047.60
2022-08-12 09:00:00,44.02,4093.60
2022-08-12 08:00:00,46.32,3988.10
2022-08-12 07:00:00,48.07,3888.20
2022-08-12 06:00:00,50.37,3798.75
2022-08-12 05:00:00,52.75,3751.84
2022-08-12 04:00:00,54.73,3820.12
2022-08-12 03:00:00,56.14,3842.03
2022-08-12 02:00:00,58.15,3793.44
2022-08-12 01:00:00,58.77,3827.56
2022-08-12 00:00:00,59.53,3556.17
2022-08-11 23:00:00,60.17,3629.55
2022-08-11 22:00:00,61.19,3803.72
2022-08-11 21:00:00,62.77,3673.77
2022-08-11 20:00:00,64.06,3799.97
2022-08-11 19:00:00,65.03,3890.62
2022-08-11 18:00:00,67.66,3830.38
2022-08-11 17:00:00,69.47,3696.16
2022-08-11 16:00:00,70.62,3980.81
2022-08-11 15:00:00,72.41,3945.41
2022-08-11 14:00:00,73.47,3643.11
2022-08-11 13:00:00,73.89,3725.79
2022-08-11 12:00:00,74.95,3969.33
2022-08-11 11:00:00,76.94,4229.26
2022-08-11 10:00:00,79.66,3776.32
2022-08-11 09:00:00,81.99,3799.47
2022-08-11 08:00:00,71.36,3500.20
2022-08-11 07:00:00,45.28,3936.72
2022-08-11 06:00:00,47.26,3946.99
2022-08-11 05:00:00,49.23,3881.10
2022-08-11 04:00:00,51.40,3816.86
2022-08-11 03:00:00,52.43,3779.89
2022-08-11 02:00:00,52.73,3750.90
2022-08-11 01:00:00,53.12,3810.65
2022-08-11 00:00:00,54.72,3859.52
2022-08-10 23:00:00,56.29,3774.54
2022-08-10 22:00:00,58.25,3710.26
2022-08-10 21:00:00,60.45,3758.92
2022-08-10 20:00:00,62.85,3865.88
2022-08-10 19:00:00,63.99,3900.75
2022-08-10 18:00:00,67.12,3708.76
2022-08-10 17:00:00,69.85,3740.93
2022-08-10 16:00:00,72.08,3695.30
2022-08-10 15:00:00,75.25,3761.32
2022-08-10 14:00:00,76.98,3696.01
2022-08-10 13:00:00,78.46,4423.87
2022-08-10 12:00:00,79.37,4608.81
2022-08-10 11:00:00,81.79,4185.25
2022-08-10 10:00:00,82.06,3888.84
2022-08-10 09:00:00,60.24,3713.52
2022-08-10 08:00:00,51.67,3850.39
2022-08-10 07:00:00,54.86,4267.73
2022-08-10 06:00:00,56.19,4509.51
2022-08-10 05:00:00,56.22,4516.16
2022-08-10 04:00:00,56.28,4357.18
2022-08-10 03:00:00,56.38,4221.71
2022-08-10 02:00:00,56.38,4230.59
2022-08-10 01:00:00,56.40,4138.33
2022-08-10 00:00:00,56.36,4142.20
2022-08-09 23:00:00,56.43,3881.86
2022-08-09 22:00:00,57.72,3631.08
2022-08-09 21:00:00,59.46,3703.44
2022-08-09 20:00:00,62.76,3734.46
2022-08-09 19:00:00,65.95,3713.13
2022-08-09 18:00:00,68.83,3751.59
2022-08-09 17:00:00,71.06,3757.77
2022-08-09 16:00:00,73.03,4090.13
2022-08-09 15:00:00,75.21,4382.11
2022-08-09 14:00:00,77.26,3833.14
2022-08-09 13:00:00,80.20,3769.84
2022-08-09 12:00:00,78.22,3744.12
2022-08-09 11:00:00,47.38,3909.99
2022-08-09 10:00:00,32.83,4527.56
2022-08-09 09:00:00,33.54,4440.52
2022-08-09 08:00:00,34.41,4340.47
2022-08-09 07:00:00,36.51,4261.35
2022-08-09 06:00:00,38.61,4170.00
2022-08-09 05:00:00,40.60,4060.75
2022-08-09 04:00:00,42.19,3978.68
2022-08-09 03:00:00,43.53,3868.79
2022-08-09 02:00:00,45.65,3808.59
2022-08-09 01:00:00,46.54,3786.64
2022-08-09 00:00:00,48.52,3660.63
2022-08-08 23:00:00,50.59,3614.61
2022-08-08 22:00:00,53.06,3868.69
2022-08-08 21:00:00,55.69,3702.54
2022-08-08 20:00:00,58.32,3756.61
2022-08-08 19:00:00,60.74,3807.94
2022-08-08 18:00:00,63.18,3770.50
2022-08-08 17:00:00,66.15,4364.40
2022-08-08 16:00:00,68.67,4689.31
2022-08-08 15:00:00,72.27,3876.81
2022-08-08 14:00:00,65.57,3685.26
2022-08-08 13:00:00,30.39,5425.40
2022-08-08 12:00:00,20.41,7025.81
2022-08-08 11:00:00,22.10,6869.90
2022-08-08 10:00:00,23.83,6652.70
2022-08-08 09:00:00,24.82,6514.58
2022-08-08 08:00:00,25.34,6340.59
2022-08-08 07:00:00,26.53,6175.18
2022-08-08 06:00:00,28.19,6035.30
2022-08-08 05:00:00,30.21,5878.81
2022-08-08 04:00:00,31.59,5746.50
2022-08-08 03:00:00,34.74,5680.52
2022-08-08 02:00:00,36.68,5592.88
2022-08-08 01:00:00,38.29,5517.57
2022-08-08 00:00:00,39.88,5440.19
2022-08-07 23:00:00,41.09,5336.14
2022-08-07 22:00:00,41.52,5267.48
2022-08-07 21:00:00,41.76,5247.36
2022-08-07 20:00:00,41.72,5243.22
2022-08-07 19:00:00,41.68,5242.52
2022-08-07 18:00:00,41.85,5183.05
2022-08-07 17:00:00,41.99,5075.49
2022-08-07 16:00:00,41.97,5066.77
2022-08-07 15:00:00,41.96,5058.86
2022-08-07 14:00:00,41.96,5048.85
2022-08-07 13:00:00,41.98,5040.08
2022-08-07 12:00:00,42.01,5031.66
2022-08-07 11:00:00,41.82,5022.92
2022-08-07 10:00:00,41.63,5013.90
2022-08-07 09:00:00,41.59,5006.06
2022-08-07 08:00:00,41.70,4996.00
2022-08-07 07:00:00,42.06,4982.64
2022-08-07 06:00:00,42.40,4966.09
2022-08-07 05:00:00,42.42,4955.45
2022-08-07 04:00:00,42.42,4944.77
2022-08-07 03:00:00,42.40,4933.86
2022-08-07 02:00:00,42.38,4921.02
2022-08-07 01:00:00,42.37,4903.24
2022-08-07 00:00:00,42.65,4847.83
2022-08-06 23:00:00,42.71,4815.15
2022-08-06 22:00:00,42.69,4804.04
2022-08-06 21:00:00,42.70,4788.23
2022-08-06 20:00:00,42.71,4773.57
2022-08-06 19:00:00,42.70,4753.40
2022-08-06 18:00:00,43.74,4702.66
2022-08-06 17:00:00,44.49,4640.34
2022-08-06 16:00:00,44.96,4593.62
2022-08-06 15:00:00,45.13,4554.43
2022-08-06 14:00:00,45.35,4521.91
2022-08-06 13:00:00,45.36,4508.26
2022-08-06 12:00:00,45.61,4467.74
2022-08-06 11:00:00,45.84,4407.12
2022-08-06 10:00:00,46.02,4405.29
2022-08-06 09:00:00,46.29,4395.67
2022-08-06 08:00:00,46.64,4309.61
2022-08-06 07:00:00,47.63,4265.55
2022-08-06 06:00:00,50.33,4210.29
2022-08-06 05:00:00,51.98,4149.09
2022-08-06 04:00:00,53.25,4097.22
2022-08-06 03:00:00,54.36,4040.44
2022-08-06 02:00:00,54.83,3975.87
2022-08-06 01:00:00,56.76,3942.11
2022-08-06 00:00:00,57.77,3842.70
2022-08-05 23:00:00,59.48,3788.66
2022-08-05 22:00:00,62.58,3739.96
2022-08-05 21:00:00,65.12,3667.91
2022-08-05 20:00:00,68.20,3637.33
2022-08-05 19:00:00,69.71,3765.92
2022-08-05 18:00:00,70.50,3826.89
2022-08-05 17:00:00,71.76,3912.84
2022-08-05 16:00:00,72.67,3694.99
2022-08-05 15:00:00,74.01,3943.79
2022-08-05 14:00:00,76.15,4148.52
2022-08-05 13:00:00,77.29,3913.82
2022-08-05 12:00:00,78.92,4447.76
2022-08-05 11:00:00,80.28,4453.27
2022-08-05 10:00:00,82.07,3793.61
2022-08-05 09:00:00,83.93,3972.81
2022-08-05 08:00:00,77.60,3778.03
2022-08-05 07:00:00,64.82,3989.85
2022-08-05 06:00:00,65.08,3754.32
2022-08-05 05:00:00,66.57,3734.52
2022-08-05 04:00:00,69.23,3744.28
2022-08-05 03:00:00,71.95,3707.77
2022-08-05 02:00:00,73.79,3773.84
2022-08-05 01:00:00,75.40,3848.82
2022-08-05 00:00:00,76.17,3819.36
2022-08-04 23:00:00,77.75,3748.23
2022-08-04 22:00:00,79.59,3951.90
2022-08-04 21:00:00,80.40,3986.92
2022-08-04 20:00:00,80.85,3847.73
2022-08-04 19:00:00,66.55,3820.67
2022-08-04 18:00:00,67.89,3811.80
2022-08-04 17:00:00,69.65,3880.43
2022-08-04 16:00:00,72.84,4275.92
2022-08-04 15:00:00,74.73,4489.28
2022-08-04 14:00:00,76.54,4244.91
2022-08-04 13:00:00,78.68,3874.86
2022-08-04 12:00:00,81.53,3881.38
2022-08-04 11:00:00,71.52,3594.52
2022-08-04 10:00:00,41.04,4264.71
2022-08-04 09:00:00,35.07,4708.39
2022-08-04 08:00:00,36.63,4608.31
2022-08-04 07:00:00,37.91,4511.14
2022-08-04 06:00:00,40.43,4376.43
2022-08-04 05:00:00,41.29,4266.70
2022-08-04 04:00:00,44.48,4199.14
2022-08-04 03:00:00,46.67,4114.88
2022-08-04 02:00:00,48.60,4027.42
2022-08-04 01:00:00,49.67,3945.72
2022-08-04 00:00:00,51.30,3855.80
2022-08-03 23:00:00,53.23,3785.85
2022-08-03 22:00:00,54.76,3732.94
2022-08-03 21:00:00,56.47,3808.48
2022-08-03 20:00:00,58.62,3796.69
2022-08-03 19:00:00,61.90,3815.61
2022-08-03 18:00:00,63.73,3930.03
2022-08-03 17:00:00,65.17,4155.15
2022-08-03 16:00:00,67.27,4032.72
2022-08-03 15:00:00,71.15,3708.75
2022-08-03 14:00:00,73.02,3737.36
2022-08-03 13:00:00,74.47,3781.78
2022-08-03 12:00:00,75.71,3668.13
2022-08-03 11:00:00,77.12,3717.30
2022-08-03 10:00:00,78.86,3792.18
2022-08-03 09:00:00,80.50,3954.43
2022-08-03 08:00:00,79.37,3838.78
2022-08-03 07:00:00,55.27,3797.06
2022-08-03 06:00:00,50.84,3673.34
2022-08-03 05:00:00,53.69,3890.68
2022-08-03 04:00:00,56.05,3709.88
2022-08-03 03:00:00,57.68,3800.67
2022-08-03 02:00:00,58.40,3822.05
2022-08-03 01:00:00,58.95,3789.39
2022-08-03 00:00:00,60.68,3758.51
2022-08-02 23:00:00,61.27,3627.55
2022-08-02 22:00:00,63.49,4006.36
2022-08-02 21:00:00,64.33,4010.58
2022-08-02 20:00:00,66.73,3729.34
2022-08-02 19:00:00,69.59,3840.84
2022-08-02 18:00:00,72.29,3795.55
2022-08-02 17:00:00,73.93,3809.98
2022-08-02 16:00:00,76.65,4171.98
2022-08-02 15:00:00,80.09,3827.52
2022-08-02 14:00:00,74.52,3610.77
2022-08-02 13:00:00,42.49,4036.39
2022-08-02 12:00:00,31.74,4801.03
2022-08-02 11:00:00,34.94,4684.66
2022-08-02 10:00:00,37.54,4526.61
2022-08-02 09:00:00,39.85,4429.02
2022-08-02 08:00:00,40.76,4306.61
2022-08-02 07:00:00,43.05,4219.36
2022-08-02 06:00:00,45.16,4136.62
2022-08-02 05:00:00,47.86,4010.43
2022-08-02 04:00:00,50.44,3982.14
2022-08-02 03:00:00,52.50,3815.81
2022-08-02 02:00:00,54.22,3911.01
2022-08-02 01:00:00,55.76,3968.65
2022-08-02 00:00:00,57.82,3893.27
2022-08-01 23:00:00,59.94,3593.42
2022-08-01 22:00:00,61.69,3874.52
2022-08-01 21:00:00,62.83,4056.56
2022-08-01 20:00:00,64.17,3952.92
2022-08-01 19:00:00,65.04,3978.08
2022-08-01 18:00:00,66.81,3802.69
2022-08-01 17:00:00,67.65,3949.26
2022-08-01 16:00:00,70.90,4746.94
2022-08-01 15:00:00,74.13,4680.81
2022-08-01 14:00:00,76.02,4477.90
2022-08-01 13:00:00,78.73,4857.72
2022-08-01 12:00:00,80.27,4055.89
2022-08-01 11:00:00,71.92,3725.85
2022-08-01 10:00:00,46.17,3955.84
2022-08-01 09:00:00,29.66,5430.30
2022-08-01 08:00:00,31.92,5442.90
2022-08-01 07:00:00,33.37,5275.03
2022-08-01 06:00:00,35.24,5166.33
2022-08-01 05:00:00,36.98,5099.67
2022-08-01 04:00:00,38.30,5134.25
2022-08-01 03:00:00,40.03,4853.26
2022-08-01 02:00:00,40.62,4790.75
2022-08-01 01:00:00,41.96,4733.77
2022-08-01 00:00:00,43.22,4668.72
2022-07-31 23:00:00,44.94,4547.50
2022-07-31 22:00:00,46.00,4464.59
2022-07-31 21:00:00,46.63,4364.93
2022-07-31 20:00:00,46.65,4350.11
2022-07-31 19:00:00,46.62,4341.41
2022-07-31 18:00:00,46.58,4332.15
2022-07-31 17:00:00,46.54,4324.19
2022-07-31 16:00:00,46.46,4316.55
2022-07-31 15:00:00,46.42,4308.58
2022-07-31 14:00:00,46.43,4298.94
2022-07-31 13:00:00,46.46,4289.04
2022-07-31 12:00:00,46.49,4279.08
2022-07-31 11:00:00,46.58,4270.73
2022-07-31 10:00:00,46.64,4267.55
2022-07-31 09:00:00,46.61,4258.59
2022-07-31 08:00:00,46.38,4252.45
2022-07-31 07:00:00,46.57,4242.49
2022-07-31 06:00:00,46.85,4229.78
2022-07-31 05:00:00,46.85,4222.98
2022-07-31 04:00:00,46.86,4215.09
2022-07-31 03:00:00,46.87,4205.84
2022-07-31 02:00:00,46.93,4193.89
2022-07-31 01:00:00,46.98,4186.19
2022-07-31 00:00:00,46.96,4177.85
2022-07-30 23:00:00,46.95,4170.19
2022-07-30 22:00:00,46.92,4162.31
2022-07-30 21:00:00,46.90,4153.37
2022-07-30 20:00:00,46.84,4142.33
2022-07-30 19:00:00,46.85,4125.09
2022-07-30 18:00:00,47.40,4067.99
2022-07-30 17:00:00,48.13,4023.97
2022-07-30 16:00:00,48.12,4015.40
2022-07-30 15:00:00,48.04,4008.14
2022-07-30 14:00:00,48.03,3999.13
2022-07-30 13:00:00,48.03,3989.66
2022-07-30 12:00:00,48.10,3977.83
2022-07-30 11:00:00,47.91,3961.74
2022-07-30 10:00:00,47.97,3915.96
2022-07-30 09:00:00,48.71,3878.29
2022-07-30 08:00:00,49.14,3868.62
2022-07-30 07:00:00,50.47,3798.39
2022-07-30 06:00:00,53.12,3704.31
2022-07-30 05:00:00,55.12,3631.92
2022-07-30 04:00:00,57.13,3632.05
2022-07-30 03:00:00,58.05,3755.28
2022-07-30 02:00:00,59.14,3852.92
2022-07-30 01:00:00,62.52,3838.62
2022-07-30 00:00:00,65.10,3625.64
2022-07-29 23:00:00,67.21,3772.81
2022-07-29 22:00:00,68.65,3747.98
2022-07-29 21:00:00,69.60,3814.44
2022-07-29 20:00:00,70.74,3612.93
2022-07-29 19:00:00,71.07,3690.88
2022-07-29 18:00:00,71.67,3815.33
2022-07-29 17:00:00,72.85,3593.77
2022-07-29 16:00:00,73.78,3861.67
2022-07-29 15:00:00,76.66,4697.30
2022-07-29 14:00:00,80.62,4527.75
2022-07-29 13:00:00,78.31,3740.80
2022-07-29 12:00:00,48.83,3858.05
2022-07-29 11:00:00,45.00,3961.66
2022-07-29 10:00:00,45.82,3880.51
2022-07-29 09:00:00,46.04,3853.75
2022-07-29 08:00:00,47.28,3788.38
2022-07-29 07:00:00,49.61,3671.81
2022-07-29 06:00:00,51.43,3615.20
2022-07-29 05:00:00,53.60,3665.44
2022-07-29 04:00:00,56.36,3865.43
2022-07-29 03:00:00,57.03,3811.88
2022-07-29 02:00:00,58.27,3700.39
2022-07-29 01:00:00,59.66,3822.43
2022-07-29 00:00:00,60.84,3676.04
2022-07-28 23:00:00,61.81,3683.13
2022-07-28 22:00:00,62.30,3723.10
2022-07-28 21:00:00,62.76,3756.22
2022-07-28 20:00:00,65.41,3928.22
2022-07-28 19:00:00,69.66,3759.87
2022-07-28 18:00:00,72.77,3926.17
2022-07-28 17:00:00,75.94,3905.50
2022-07-28 16:00:00,79.19,4178.88
2022-07-28 15:00:00,81.58,3994.98
2022-07-28 14:00:00,69.74,3677.44
2022-07-28 13:00:00,39.66,3862.15
2022-07-28 12:00:00,37.79,3884.45
2022-07-28 11:00:00,39.21,3723.46
2022-07-28 10:00:00,41.91,3801.28
2022-07-28 09:00:00,44.09,3713.44
2022-07-28 08:00:00,46.70,3720.41
2022-07-28 07:00:00,48.56,3869.72
2022-07-28 06:00:00,50.81,4010.31
2022-07-28 05:00:00,53.37,3650.41
2022-07-28 04:00:00,55.56,3741.63
2022-07-28 03:00:00,57.54,4035.48
2022-07-28 02:00:00,59.50,3994.40
2022-07-28 01:00:00,61.86,3767.49
2022-07-28 00:00:00,63.28,3782.51
2022-07-27 23:00:00,64.80,3865.91
2022-07-27 22:00:00,66.53,3738.93
2022-07-27 21:00:00,69.15,3919.54
2022-07-27 20:00:00,72.18,3837.42
2022-07-27 19:00:00,73.88,3936.79
2022-07-27 18:00:00,76.13,3699.78
2022-07-27 17:00:00,78.07,3850.25
2022-07-27 16:00:00,80.47,4023.31
2022-07-27 15:00:00,81.38,3676.70
2022-07-27 14:00:00,55.39,3754.31
2022-07-27 13:00:00,31.88,4136.38
2022-07-27 12:00:00,32.67,4185.96
2022-07-27 11:00:00,35.22,4020.25
2022-07-27 10:00:00,38.19,3969.50
2022-07-27 09:00:00,41.36,3892.39
2022-07-27 08:00:00,44.06,3813.52
2022-07-27 07:00:00,47.59,3767.75
2022-07-27 06:00:00,50.63,3846.32
2022-07-27 05:00:00,52.28,4126.67
2022-07-27 04:00:00,53.61,4035.03
2022-07-27 03:00:00,56.21,3741.21
2022-07-27 02:00:00,57.63,3961.55
2022-07-27 01:00:00,57.93,4015.18
2022-07-27 00:00:00,58.71,3809.59
2022-07-26 23:00:00,60.29,3637.08
2022-07-26 22:00:00,61.12,3763.55
2022-07-26 21:00:00,61.58,3631.23
2022-07-26 20:00:00,63.79,3750.98
2022-07-26 19:00:00,67.09,3767.80
2022-07-26 18:00:00,70.44,3704.71
2022-07-26 17:00:00,72.90,3855.15
2022-07-26 16:00:00,75.42,3993.22
2022-07-26 15:00:00,78.52,3716.57
2022-07-26 14:00:00,81.00,3727.44
2022-07-26 13:00:00,82.69,3753.24
2022-07-26 12:00:00,57.15,3747.15
2022-07-26 11:00:00,39.75,4263.56
2022-07-26 10:00:00,41.51,4237.14
2022-07-26 09:00:00,43.16,4098.60
2022-07-26 08:00:00,44.33,4043.45
2022-07-26 07:00:00,46.74,3992.74
2022-07-26 06:00:00,48.84,3947.33
2022-07-26 05:00:00,50.09,3877.86
2022-07-26 04:00:00,51.72,3878.95
2022-07-26 03:00:00,52.95,4138.71
2022-07-26 02:00:00,54.53,4183.38
2022-07-26 01:00:00,55.35,4047.76
2022-07-26 00:00:00,56.59,3891.27
2022-07-25 23:00:00,59.99,3682.42
2022-07-25 22:00:00,62.25,3669.58
2022-07-25 21:00:00,65.09,3766.58
2022-07-25 20:00:00,67.54,3975.49
2022-07-25 19:00:00,69.80,3876.43
2022-07-25 18:00:00,72.84,3933.66
2022-07-25 17:00:00,75.85,3910.88
2022-07-25 16:00:00,78.86,3839.83
2022-07-25 15:00:00,81.69,3668.96
2022-07-25 14:00:00,83.00,3732.06
2022-07-25 13:00:00,64.49,3739.53
2022-07-25 12:00:00,58.92,3697.19
2022-07-25 11:00:00,60.58,3682.31
2022-07-25 10:00:00,61.79,3890.77
2022-07-25 09:00:00,63.80,4233.42
2022-07-25 08:00:00,65.06,4340.45
2022-07-25 07:00:00,66.91,4462.90
2022-07-25 06:00:00,69.04,4396.61
2022-07-25 05:00:00,70.70,4311.13
2022-07-25 04:00:00,72.27,3845.21
2022-07-25 03:00:00,73.84,3768.47
2022-07-25 02:00:00,76.58,3729.98
2022-07-25 01:00:00,78.54,3791.32
2022-07-25 00:00:00,78.76,3803.25
2022-07-24 23:00:00,79.78,3717.68
2022-07-24 22:00:00,80.77,3786.69
2022-07-24 21:00:00,80.98,3806.08
2022-07-24 20:00:00,80.91,3801.32
2022-07-24 19:00:00,80.83,3798.00
2022-07-24 18:00:00,80.81,3792.67
2022-07-24 17:00:00,80.82,3786.44
2022-07-24 16:00:00,80.80,3781.17
2022-07-24 15:00:00,80.78,3775.46
2022-07-24 14:00:00,80.75,3768.65
2022-07-24 13:00:00,80.77,3762.15
2022-07-24 12:00:00,80.81,3756.22
2022-07-24 11:00:00,80.46,3749.66
2022-07-24 10:00:00,80.23,3741.77
2022-07-24 09:00:00,80.14,3737.78
2022-07-24 08:00:00,80.18,3732.23
2022-07-24 07:00:00,80.70,3722.81
2022-07-24 06:00:00,81.30,3709.82
2022-07-24 05:00:00,81.33,3701.97
2022-07-24 04:00:00,81.32,3695.36
2022-07-24 03:00:00,81.30,3688.07
2022-07-24 02:00:00,81.26,3672.47
2022-07-24 01:00:00,81.61,3738.73
2022-07-24 00:00:00,81.68,3774.92
2022-07-23 23:00:00,81.64,3769.76
2022-07-23 22:00:00,81.58,3763.89
2022-07-23 21:00:00,81.50,3758.36
2022-07-23 20:00:00,81.42,3745.17
2022-07-23 19:00:00,81.63,3849.70
2022-07-23 18:00:00,81.58,3851.75
2022-07-23 17:00:00,81.48,3849.34
2022-07-23 16:00:00,81.47,3847.60
2022-07-23 15:00:00,81.42,3845.78
2022-07-23 14:00:00,81.59,3844.21
2022-07-23 13:00:00,82.04,3863.89
2022-07-23 12:00:00,82.09,3851.92
2022-07-23 11:00:00,81.93,3866.03
2022-07-23 10:00:00,83.00,3684.60
2022-07-23 09:00:00,61.35,3605.27
2022-07-23 08:00:00,36.34,4103.14
2022-07-23 07:00:00,36.71,4061.03
2022-07-23 06:00:00,38.54,3993.97
2022-07-23 05:00:00,40.27,3902.99
2022-07-23 04:00:00,42.09,3827.30
2022-07-23 03:00:00,44.25,3751.25
2022-07-23 02:00:00,46.38,3708.44
2022-07-23 01:00:00,47.73,3840.87
2022-07-23 00:00:00,50.88,3933.54
2022-07-22 23:00:00,52.19,3571.37
2022-07-22 22:00:00,53.71,3665.11
2022-07-22 21:00:00,54.90,3699.89
2022-07-22 20:00:00,56.59,3848.66
2022-07-22 19:00:00,59.07,3807.28
2022-07-22 18:00:00,60.94,3838.77
2022-07-22 17:00:00,63.30,3760.14
2022-07-22 16:00:00,66.26,3745.53
2022-07-22 15:00:00,69.69,3975.61
2022-07-22 14:00:00,71.64,3661.84
2022-07-22 13:00:00,74.36,3713.86
2022-07-22 12:00:00,76.33,4029.33
2022-07-22 11:00:00,78.74,4031.29
2022-07-22 10:00:00,82.03,3716.57
2022-07-22 09:00:00,82.97,3732.65
2022-07-22 08:00:00,68.21,3854.30
2022-07-22 07:00:00,61.36,3545.40
2022-07-22 06:00:00,37.35,3909.27
2022-07-22 05:00:00,37.34,3956.03
2022-07-22 04:00:00,39.71,3866.06
2022-07-22 03:00:00,41.93,3761.20
2022-07-22 02:00:00,43.98,3731.95
2022-07-22 01:00:00,45.36,3573.14
2022-07-22 00:00:00,47.48,3824.54
2022-07-21 23:00:00,48.56,3800.53
2022-07-21 22:00:00,49.59,3580.96
2022-07-21 21:00:00,50.40,3609.80
2022-07-21 20:00:00,54.37,3794.88
2022-07-21 19:00:00,58.25,3747.30
2022-07-21 18:00:00,61.67,3729.99
2022-07-21 17:00:00,64.68,3716.31
2022-07-21 16:00:00,67.87,3724.36
2022-07-21 15:00:00,70.60,3800.31
2022-07-21 14:00:00,71.89,3809.88
2022-07-21 13:00:00,73.77,3672.53
2022-07-21 12:00:00,76.48,3844.82
2022-07-21 11:00:00,78.22,3711.58
2022-07-21 10:00:00,52.66,3781.51
2022-07-21 09:00:00,27.60,4433.97
2022-07-21 08:00:00,29.39,4465.92
2022-07-21 07:00:00,32.70,4320.42
2022-07-21 06:00:00,34.43,4211.38
2022-07-21 05:00:00,36.75,4124.37
2022-07-21 04:00:00,40.15,4044.28
2022-07-21 03:00:00,41.60,3975.23
2022-07-21 02:00:00,42.38,3886.71
2022-07-21 01:00:00,42.84,3835.29
2022-07-21 00:00:00,44.18,3748.37
2022-07-20 23:00:00,46.31,3654.34
2022-07-20 22:00:00,49.43,3857.61
2022-07-20 21:00:00,51.88,3626.74
2022-07-20 20:00:00,54.60,3731.88
2022-07-20 19:00:00,58.77,3833.38
2022-07-20 18:00:00,62.47,3761.21
2022-07-20 17:00:00,66.04,3855.41
2022-07-20 16:00:00,68.52,3818.77
2022-07-20 15:00:00,70.69,3666.56
2022-07-20 14:00:00,74.98,3712.98
2022-07-20 13:00:00,78.76,3718.41
2022-07-20 12:00:00,59.30,3677.41
2022-07-20 11:00:00,49.24,3694.74
2022-07-20 05:00:00,49.29,3642.52
2022-07-20 04:00:00,49.29,3637.50
2022-07-20 03:00:00,49.30,3633.61
2022-07-20 02:00:00,49.30,3629.00
2022-07-20 01:00:00,49.54,3636.99
2022-07-20 00:00:00,51.50,3874.15
2022-07-19 23:00:00,53.12,3567.23
2022-07-19 22:00:00,55.50,3793.35
2022-07-19 21:00:00,57.38,3838.73
2022-07-19 20:00:00,60.00,3679.09
2022-07-19 19:00:00,62.20,3738.08
2022-07-19 18:00:00,65.42,3708.70
2022-07-19 17:00:00,68.60,3666.27
2022-07-19 16:00:00,70.74,3895.65
2022-07-19 15:00:00,75.63,3877.13
2022-07-19 14:00:00,78.45,4196.28
2022-07-19 13:00:00,67.19,3691.51
2022-07-19 12:00:00,37.87,4111.22
2022-07-19 11:00:00,36.51,4259.44
2022-07-19 10:00:00,40.36,4148.94
2022-07-19 09:00:00,43.17,4032.58
2022-07-19 08:00:00,44.37,3970.82
2022-07-19 07:00:00,46.49,3891.43
2022-07-19 06:00:00,50.13,3779.98
2022-07-19 05:00:00,52.06,3713.05
2022-07-19 04:00:00,55.35,3683.04
2022-07-19 03:00:00,58.17,3812.78
2022-07-19 02:00:00,60.39,3996.49
2022-07-19 01:00:00,61.66,3770.89
2022-07-19 00:00:00,62.90,3699.22
2022-07-18 23:00:00,65.04,3844.77
2022-07-18 22:00:00,67.10,3631.30
2022-07-18 21:00:00,69.45,4052.61
2022-07-18 20:00:00,72.95,3889.23
2022-07-18 19:00:00,74.79,4308.47
2022-07-18 18:00:00,76.00,4418.50
2022-07-18 17:00:00,77.62,4834.58
2022-07-18 16:00:00,79.93,4309.44
2022-07-18 15:00:00,81.29,3796.24
2022-07-18 14:00:00,77.09,3670.38
2022-07-18 13:00:00,47.01,4021.78
2022-07-18 12:00:00,34.65,4822.92
2022-07-18 11:00:00,35.53,4599.80
2022-07-18 10:00:00,36.59,4463.69
2022-07-18 09:00:00,39.31,4231.48
2022-07-18 08:00:00,41.28,4010.58
2022-07-18 07:00:00,44.34,3935.58
2022-07-18 06:00:00,47.47,3829.03
2022-07-18 05:00:00,49.64,3680.71
2022-07-18 04:00:00,50.88,3562.26
2022-07-18 03:00:00,52.58,3730.07
2022-07-18 02:00:00,53.63,3976.43
2022-07-18 01:00:00,54.85,3648.43
2022-07-18 00:00:00,55.40,3646.57
2022-07-17 23:00:00,57.04,3834.50
2022-07-17 22:00:00,58.27,4007.02
2022-07-17 21:00:00,58.56,4062.03
2022-07-17 20:00:00,58.75,4093.42
2022-07-17 19:00:00,58.78,4100.65
2022-07-17 18:00:00,58.72,4091.69
2022-07-17 17:00:00,58.72,4083.24
2022-07-17 16:00:00,58.70,4073.71
2022-07-17 15:00:00,58.68,4062.14
2022-07-17 14:00:00,58.71,4046.14
2022-07-17 13:00:00,58.72,4038.06
2022-07-17 12:00:00,58.77,4030.08
2022-07-17 11:00:00,58.48,4020.63
2022-07-17 10:00:00,58.19,4012.37
2022-07-17 09:00:00,58.20,4004.91
2022-07-17 08:00:00,58.30,3994.93
2022-07-17 07:00:00,58.68,3984.56
2022-07-17 06:00:00,59.17,3968.75
2022-07-17 05:00:00,59.20,3959.37
2022-07-17 04:00:00,59.18,3950.23
2022-07-17 03:00:00,59.29,3960.87
2022-07-17 02:00:00,59.66,4015.32
2022-07-17 01:00:00,59.65,4009.02
2022-07-17 00:00:00,59.62,4002.03
2022-07-16 23:00:00,59.57,3996.57
2022-07-16 22:00:00,59.93,4007.59
2022-07-16 21:00:00,59.85,4000.10
2022-07-16 20:00:00,60.39,3924.72
2022-07-16 19:00:00,60.88,3759.81
2022-07-16 18:00:00,60.84,3748.60
2022-07-16 17:00:00,60.81,3736.39
2022-07-16 16:00:00,61.04,3743.96
2022-07-16 15:00:00,61.44,3791.14
2022-07-16 14:00:00,61.66,3812.67
2022-07-16 13:00:00,61.94,3850.73
2022-07-16 12:00:00,62.57,3945.00
2022-07-16 11:00:00,62.26,3882.56
2022-07-16 10:00:00,54.71,3740.28
2022-07-16 09:00:00,24.18,4459.21
2022-07-16 08:00:00,20.83,4899.26
2022-07-16 07:00:00,22.02,4791.55
2022-07-16 06:00:00,23.34,4657.77
2022-07-16 05:00:00,25.90,4539.00
2022-07-16 04:00:00,27.34,4415.01
2022-07-16 03:00:00,29.46,4292.41
2022-07-16 02:00:00,31.01,4193.10
2022-07-16 01:00:00,32.60,4094.43
2022-07-16 00:00:00,34.81,3957.32
2022-07-15 23:00:00,36.30,3824.38
2022-07-15 22:00:00,38.39,3768.14
2022-07-15 21:00:00,40.48,3657.18
2022-07-15 20:00:00,43.62,3595.60
2022-07-15 19:00:00,47.16,3773.33
2022-07-15 18:00:00,51.95,3737.13
2022-07-15 17:00:00,55.39,3659.35
2022-07-15 16:00:00,57.53,3781.18
2022-07-15 15:00:00,60.76,3900.86
2022-07-15 14:00:00,64.22,3766.60
2022-07-15 13:00:00,67.43,3816.31
2022-07-15 12:00:00,71.60,4250.81
2022-07-15 11:00:00,75.54,3790.23
2022-07-15 10:00:00,79.38,3884.69
2022-07-15 09:00:00,82.09,3958.82
2022-07-15 08:00:00,82.49,3699.22
2022-07-15 07:00:00,72.20,3362.74
2022-07-15 06:00:00,45.63,3989.73
2022-07-15 05:00:00,42.77,4219.42
2022-07-15 04:00:00,44.25,4145.04
2022-07-15 03:00:00,45.66,4071.20
2022-07-15 02:00:00,46.91,4012.37
2022-07-15 01:00:00,49.29,3932.10
2022-07-15 00:00:00,51.87,3862.59
2022-07-14 23:00:00,53.96,3876.83
2022-07-14 22:00:00,54.45,3789.77
2022-07-14 21:00:00,54.48,3845.30
2022-07-14 20:00:00,54.89,3930.23
2022-07-14 19:00:00,54.92,3974.02
2022-07-14 18:00:00,55.24,3786.10
2022-07-14 17:00:00,55.17,3776.96
2022-07-14 16:00:00,55.16,3769.00
2022-07-14 15:00:00,55.13,3758.53
2022-07-14 14:00:00,55.11,3749.39
2022-07-14 13:00:00,55.11,3739.28
2022-07-14 12:00:00,55.11,3728.99
2022-07-14 11:00:00,54.98,3718.04
2022-07-14 10:00:00,54.69,3697.19
2022-07-14 09:00:00,55.48,3765.74
2022-07-14 08:00:00,55.96,3771.71
2022-07-14 07:00:00,56.56,3817.78
2022-07-14 06:00:00,56.70,3807.60
2022-07-14 05:00:00,56.71,3797.69
2022-07-14 04:00:00,56.69,3787.29
2022-07-14 03:00:00,56.66,3774.18
2022-07-14 02:00:00,57.35,3881.05
2022-07-14 01:00:00,57.49,3882.24
2022-07-14 00:00:00,57.96,3724.44
2022-07-13 23:00:00,58.22,3747.93
2022-07-13 22:00:00,58.19,3734.72
2022-07-13 21:00:00,58.85,3799.36
2022-07-13 20:00:00,62.25,3733.01
2022-07-13 19:00:00,65.65,3788.31
2022-07-13 18:00:00,68.59,3663.63
2022-07-13 17:00:00,71.66,3745.11
2022-07-13 16:00:00,73.89,4053.98
2022-07-13 15:00:00,77.40,3709.67
2022-07-13 14:00:00,66.14,3797.68
2022-07-13 13:00:00,34.43,4137.28
2022-07-13 12:00:00,27.06,4648.57
2022-07-13 11:00:00,28.90,4556.09
2022-07-13 10:00:00,32.86,4442.22
2022-07-13 09:00:00,36.02,4355.66
2022-07-13 08:00:00,38.14,4283.64
2022-07-13 07:00:00,40.92,4063.81
2022-07-13 06:00:00,44.29,4015.28
2022-07-13 05:00:00,47.42,3866.62
2022-07-13 04:00:00,50.42,3780.94
2022-07-13 03:00:00,51.06,3713.79
2022-07-13 02:00:00,51.98,3667.18
2022-07-13 01:00:00,53.57,3664.10
2022-07-13 00:00:00,56.28,3693.22
2022-07-12 23:00:00,58.06,3781.36
2022-07-12 22:00:00,58.62,3697.28
2022-07-12 21:00:00,59.25,3794.50
2022-07-12 20:00:00,61.52,3743.98
2022-07-12 19:00:00,64.18,3749.31
2022-07-12 18:00:00,67.11,3738.69
2022-07-12 17:00:00,70.22,3786.83
2022-07-12 16:00:00,73.53,3953.62
2022-07-12 15:00:00,75.85,3712.84
2022-07-12 14:00:00,79.04,3731.03
2022-07-12 13:00:00,80.27,3706.88
2022-07-12 12:00:00,53.49,3774.23
2022-07-12 11:00:00,35.50,4227.26
2022-07-12 10:00:00,37.35,4138.82
2022-07-12 09:00:00,40.07,3973.43
2022-07-12 08:00:00,41.72,3913.86
2022-07-12 07:00:00,45.31,3834.93
2022-07-12 06:00:00,49.34,3765.54
2022-07-12 05:00:00,52.07,3816.49
2022-07-12 04:00:00,54.95,3606.27
2022-07-12 03:00:00,57.47,3625.10
2022-07-12 02:00:00,58.99,3628.32
2022-07-12 01:00:00,59.88,3700.99
2022-07-12 00:00:00,63.08,3815.05
2022-07-11 23:00:00,64.29,3886.59
2022-07-11 22:00:00,66.13,3784.72
2022-07-11 21:00:00,68.02,4049.05
2022-07-11 20:00:00,69.86,3701.41
2022-07-11 19:00:00,72.44,4279.69
2022-07-11 18:00:00,74.92,4924.68
2022-07-11 17:00:00,77.09,5901.88
2022-07-11 16:00:00,79.16,6994.71
2022-07-11 15:00:00,81.53,5513.25
2022-07-11 14:00:00,80.06,4036.16
2022-07-11 13:00:00,55.71,3847.74
2022-07-11 12:00:00,47.45,3871.47
2022-07-11 11:00:00,48.33,3811.02
2022-07-11 10:00:00,49.68,3796.12
2022-07-11 09:00:00,52.11,3904.68
2022-07-11 08:00:00,53.46,3927.01
2022-07-11 07:00:00,55.46,3919.95
2022-07-11 06:00:00,59.04,4067.67
2022-07-11 05:00:00,60.03,4165.92
2022-07-11 04:00:00,61.46,4204.84
2022-07-11 03:00:00,63.79,4035.42
2022-07-11 02:00:00,66.50,4740.13
2022-07-11 01:00:00,68.46,4627.67
2022-07-11 00:00:00,71.36,3798.11
2022-07-10 23:00:00,73.30,3761.28
2022-07-10 22:00:00,73.72,3875.08
2022-07-10 21:00:00,73.62,3872.17
2022-07-10 20:00:00,73.58,3869.35
2022-07-10 19:00:00,73.53,3865.42
2022-07-10 18:00:00,73.43,3860.17
2022-07-10 17:00:00,73.44,3855.07
2022-07-10 16:00:00,73.38,3851.48
2022-07-10 15:00:00,73.38,3847.08
2022-07-10 14:00:00,73.38,3842.09
2022-07-10 13:00:00,73.40,3836.92
2022-07-10 12:00:00,73.49,3830.52
2022-07-10 11:00:00,73.09,3824.85
2022-07-10 10:00:00,72.76,3819.36
2022-07-10 09:00:00,72.73,3815.39
2022-07-10 08:00:00,72.78,3810.21
2022-07-10 07:00:00,73.10,3804.57
2022-07-10 06:00:00,73.88,3799.38
2022-07-10 05:00:00,74.02,3815.25
2022-07-10 04:00:00,74.00,3811.03
2022-07-10 03:00:00,73.99,3806.01
2022-07-10 02:00:00,73.98,3801.14
2022-07-10 01:00:00,73.96,3795.56
2022-07-10 00:00:00,73.92,3787.49
2022-07-09 23:00:00,74.25,3880.03
2022-07-09 22:00:00,74.32,3912.71
2022-07-09 21:00:00,74.20,3916.69
2022-07-09 20:00:00,74.65,3739.67
2022-07-09 19:00:00,76.09,3888.68
2022-07-09 18:00:00,77.45,3668.33
2022-07-09 17:00:00,78.31,3673.96
2022-07-09 16:00:00,78.63,3776.01
2022-07-09 15:00:00,78.77,3856.22
2022-07-09 14:00:00,78.77,3892.60
2022-07-09 13:00:00,79.00,4018.84
2022-07-09 12:00:00,79.36,4033.76
2022-07-09 11:00:00,76.55,3735.29
2022-07-09 10:00:00,48.99,3676.28
2022-07-09 09:00:00,33.85,3775.20
2022-07-09 08:00:00,36.10,3690.77
2022-07-09 07:00:00,40.21,3606.60
2022-07-09 06:00:00,42.68,3546.30
2022-07-09 05:00:00,43.94,3641.10
2022-07-09 04:00:00,45.36,3892.05
2022-07-09 03:00:00,46.73,3668.82
2022-07-09 02:00:00,47.87,3705.26
2022-07-09 01:00:00,48.67,3754.07
2022-07-09 00:00:00,50.60,3955.73
2022-07-08 23:00:00,52.48,3701.21
2022-07-08 22:00:00,54.44,3782.21
2022-07-08 21:00:00,56.11,3984.16
2022-07-08 20:00:00,58.92,3692.85
2022-07-08 19:00:00,61.57,3985.35
2022-07-08 18:00:00,64.84,3708.78
2022-07-08 17:00:00,68.85,3968.60
2022-07-08 16:00:00,71.74,4043.97
2022-07-08 15:00:00,74.72,3958.64
2022-07-08 14:00:00,78.06,3820.03
2022-07-08 13:00:00,66.76,3451.42
2022-07-08 12:00:00,36.21,3829.50
2022-07-08 11:00:00,29.64,4051.27
2022-07-08 10:00:00,32.94,3894.48
2022-07-08 09:00:00,35.62,3778.90
2022-07-08 08:00:00,36.45,3728.74
2022-07-08 07:00:00,38.68,3879.02
2022-07-08 06:00:00,42.64,3619.68
2022-07-08 05:00:00,45.87,3789.22
2022-07-08 04:00:00,48.44,3622.14
2022-07-08 03:00:00,49.42,3702.71
2022-07-08 02:00:00,50.31,3764.36
2022-07-08 01:00:00,51.15,3805.28
2022-07-08 00:00:00,51.45,3820.94
2022-07-07 23:00:00,52.29,3858.88
2022-07-07 22:00:00,55.71,3711.22
2022-07-07 21:00:00,57.58,3710.38
2022-07-07 20:00:00,60.50,3849.16
2022-07-07 19:00:00,64.59,3724.62
2022-07-07 18:00:00,66.82,3799.45
2022-07-07 17:00:00,69.18,3744.44
2022-07-07 16:00:00,71.13,3943.32
2022-07-07 15:00:00,73.99,3888.73
2022-07-07 14:00:00,67.82,3673.08
2022-07-07 13:00:00,37.08,3811.60
2022-07-07 12:00:00,26.57,3880.51
2022-07-07 11:00:00,29.31,3754.16
2022-07-07 10:00:00,31.29,3624.10
2022-07-07 09:00:00,33.07,3611.42
2022-07-07 08:00:00,34.89,3775.62
2022-07-07 07:00:00,38.31,3861.18
2022-07-07 06:00:00,40.46,3966.61
2022-07-07 05:00:00,42.82,3768.82
2022-07-07 04:00:00,46.22,3741.48
2022-07-07 03:00:00,47.48,3850.50
2022-07-07 02:00:00,48.33,3930.82
2022-07-07 01:00:00,49.42,4059.90
2022-07-07 00:00:00,50.20,3982.25
2022-07-06 23:00:00,50.50,3953.69
2022-07-06 22:00:00,51.08,3966.24
2022-07-06 21:00:00,51.43,3938.96
2022-07-06 20:00:00,45.00,3726.29
2022-07-06 19:00:00,34.73,3615.92
2022-07-06 18:00:00,38.02,3831.71
2022-07-06 17:00:00,42.11,3763.86
2022-07-06 16:00:00,46.15,3773.02
2022-07-06 15:00:00,49.09,3433.31
2022-07-06 14:00:00,52.30,3100.40
2022-07-06 13:00:00,41.40,2781.48
2022-07-06 12:00:00,11.97,4539.81
2022-07-06 11:00:00,10.17,4793.71
2022-07-06 10:00:00,9.78,4723.66
2022-07-06 09:00:00,9.97,4665.20
2022-07-06 08:00:00,12.53,4569.97
2022-07-06 07:00:00,15.56,4427.39
2022-07-06 06:00:00,18.10,4326.21
2022-07-06 05:00:00,19.94,4168.33
2022-07-06 04:00:00,21.91,4055.19
2022-07-06 03:00:00,23.78,3964.20
2022-07-06 02:00:00,27.06,3918.09
2022-07-06 01:00:00,28.11,3863.75
2022-07-06 00:00:00,29.75,3839.86
2022-07-05 23:00:00,32.64,3792.83
2022-07-05 22:00:00,35.06,3851.98
2022-07-05 21:00:00,35.88,3645.14
2022-07-05 20:00:00,37.85,3742.09
2022-07-05 19:00:00,41.67,3707.06
2022-07-05 18:00:00,43.96,3726.68
2022-07-05 17:00:00,45.81,3906.24
2022-07-05 16:00:00,47.38,4018.58
2022-07-05 15:00:00,49.58,3861.31
2022-07-05 14:00:00,53.34,3818.19
2022-07-05 13:00:00,57.57,3765.91
2022-07-05 12:00:00,61.35,3913.06
2022-07-05 11:00:00,63.13,3727.82
2022-07-05 10:00:00,62.13,3576.39
2022-07-05 09:00:00,32.84,3780.84
2022-07-05 08:00:00,19.46,4435.26
2022-07-05 07:00:00,20.98,4326.62
2022-07-05 06:00:00,23.26,4182.66
2022-07-05 05:00:00,25.73,4048.38
2022-07-05 04:00:00,27.55,3964.52
2022-07-05 03:00:00,29.30,4078.84
2022-07-05 02:00:00,31.00,4064.72
2022-07-05 01:00:00,34.61,3746.74
2022-07-05 00:00:00,37.40,3916.88
2022-07-04 23:00:00,38.59,3948.88
2022-07-04 22:00:00,41.14,3646.30
2022-07-04 21:00:00,45.08,3837.57
2022-07-04 20:00:00,48.76,4228.58
2022-07-04 19:00:00,51.57,4462.37
2022-07-04 18:00:00,55.18,4597.38
2022-07-04 17:00:00,56.99,4555.72
2022-07-04 16:00:00,58.39,4448.18
2022-07-04 15:00:00,58.29,3854.85
2022-07-04 14:00:00,31.47,3934.44
2022-07-04 13:00:00,16.61,5063.67
2022-07-04 12:00:00,18.87,4844.06
2022-07-04 11:00:00,21.38,4681.82
2022-07-04 10:00:00,24.24,4485.21
2022-07-04 09:00:00,26.41,4349.46
2022-07-04 08:00:00,28.76,4254.12
2022-07-04 07:00:00,31.69,4099.63
2022-07-04 06:00:00,35.70,4001.03
2022-07-04 05:00:00,38.04,3825.34
2022-07-04 04:00:00,39.89,3696.34
2022-07-04 03:00:00,41.36,3739.92
2022-07-04 02:00:00,42.63,3726.15
2022-07-04 01:00:00,43.33,3640.71
2022-07-04 00:00:00,44.44,3905.44
2022-07-03 23:00:00,45.57,3653.80
2022-07-03 22:00:00,45.88,3761.99
2022-07-03 21:00:00,46.13,3950.38
2022-07-03 20:00:00,46.10,3959.92
2022-07-03 19:00:00,46.08,3962.10
2022-07-03 18:00:00,46.10,3983.30
2022-07-03 17:00:00,46.28,3951.26
2022-07-03 16:00:00,46.26,3945.34
2022-07-03 15:00:00,46.23,3940.58
2022-07-03 14:00:00,46.14,3934.36
2022-07-03 13:00:00,46.12,3925.92
2022-07-03 12:00:00,46.20,3918.27
2022-07-03 11:00:00,46.01,3911.55
2022-07-03 10:00:00,45.79,3905.14
2022-07-03 09:00:00,45.77,3899.06
2022-07-03 08:00:00,46.02,3890.83
2022-07-03 07:00:00,46.45,3901.47
2022-07-03 06:00:00,46.94,3927.14
2022-07-03 05:00:00,46.98,3916.76
2022-07-03 04:00:00,46.97,3907.86
2022-07-03 03:00:00,46.98,3897.96
2022-07-03 02:00:00,46.94,3888.17
2022-07-03 01:00:00,46.91,3878.51
2022-07-03 00:00:00,46.89,3868.00
2022-07-02 23:00:00,46.92,3861.85
2022-07-02 22:00:00,46.92,3852.72
2022-07-02 21:00:00,46.86,3841.46
2022-07-02 20:00:00,47.26,3867.58
2022-07-02 19:00:00,48.87,3849.08
2022-07-02 18:00:00,51.04,3747.22
2022-07-02 17:00:00,52.48,3909.74
2022-07-02 16:00:00,53.15,3997.50
2022-07-02 15:00:00,53.59,3599.96
2022-07-02 14:00:00,41.48,3237.37
2022-07-02 13:00:00,12.01,4676.82
2022-07-02 12:00:00,9.93,4928.41
2022-07-02 11:00:00,9.81,4884.12
2022-07-02 10:00:00,9.77,4849.51
2022-07-02 09:00:00,10.71,4746.56
2022-07-02 08:00:00,12.77,4608.52
2022-07-02 07:00:00,16.37,4415.03
2022-07-02 06:00:00,20.18,4270.67
2022-07-02 05:00:00,22.11,4085.94
2022-07-02 04:00:00,22.88,4001.93
2022-07-02 03:00:00,23.54,3933.00
2022-07-02 02:00:00,24.28,3837.85
2022-07-02 01:00:00,25.45,3734.14
2022-07-02 00:00:00,26.06,3687.45
2022-07-01 23:00:00,26.30,3668.59
2022-07-01 22:00:00,27.87,3916.72
2022-07-01 21:00:00,29.20,3804.16
2022-07-01 20:00:00,33.25,3873.53
2022-07-01 19:00:00,36.95,3672.68
2022-07-01 18:00:00,39.71,3961.50
2022-07-01 17:00:00,43.50,3662.69
2022-07-01 16:00:00,47.84,3950.06
2022-07-01 15:00:00,50.17,3916.39
2022-07-01 14:00:00,52.90,3908.89
2022-07-01 13:00:00,55.62,3725.97
2022-07-01 12:00:00,50.71,3322.88
2022-07-01 11:00:00,34.14,3106.23
2022-07-01 10:00:00,14.30,4136.07
2022-07-01 09:00:00,17.12,4108.32
2022-07-01 08:00:00,20.77,4001.45
2022-07-01 07:00:00,23.61,3893.60
2022-07-01 06:00:00,26.56,3797.70
2022-07-01 05:00:00,29.81,3885.61
2022-07-01 04:00:00,32.31,3664.98
2022-07-01 03:00:00,33.46,3738.43
2022-07-01 02:00:00,34.03,3943.65
2022-07-01 01:00:00,34.64,3797.92
2022-07-01 00:00:00,36.61,3685.27
2022-06-30 23:00:00,37.63,3862.14
2022-06-30 22:00:00,38.35,3971.34
2022-06-30 21:00:00,39.99,3754.82
2022-06-30 20:00:00,42.08,3783.93
2022-06-30 19:00:00,43.74,3813.93
2022-06-30 18:00:00,45.60,3906.97
2022-06-30 17:00:00,47.03,3857.95
2022-06-30 16:00:00,49.72,3560.55
2022-06-30 15:00:00,54.16,3406.13
2022-06-30 14:00:00,57.82,3115.24
2022-06-30 13:00:00,35.17,3201.57
2022-06-30 12:00:00,10.16,4768.11
2022-06-30 11:00:00,10.52,4767.98
2022-06-30 10:00:00,13.19,4637.38
2022-06-30 09:00:00,14.51,4482.80
2022-06-30 08:00:00,16.11,4324.94
2022-06-30 07:00:00,17.71,4144.20
2022-06-30 06:00:00,20.29,3989.20
2022-06-30 05:00:00,23.23,3854.37
2022-06-30 04:00:00,25.52,3714.65
2022-06-30 03:00:00,26.80,3773.39
2022-06-30 02:00:00,27.56,3749.90
2022-06-30 01:00:00,29.79,3838.24
2022-06-30 00:00:00,31.56,3676.87
2022-06-29 23:00:00,33.53,3891.80
2022-06-29 22:00:00,35.05,3808.00
2022-06-29 21:00:00,36.85,3695.35
2022-06-29 20:00:00,39.12,3825.32
2022-06-29 19:00:00,41.76,3843.16
2022-06-29 18:00:00,46.10,3672.94
2022-06-29 17:00:00,50.93,3450.62
2022-06-29 16:00:00,50.88,3218.46
2022-06-29 15:00:00,21.24,3923.11
2022-06-29 14:00:00,9.66,5087.79
2022-06-29 13:00:00,9.74,5046.03
2022-06-29 12:00:00,10.08,5005.78
2022-06-29 11:00:00,10.07,4803.33
2022-06-29 10:00:00,10.82,4594.53
2022-06-29 09:00:00,13.66,4481.86
2022-06-29 08:00:00,16.69,4315.71
2022-06-29 07:00:00,19.75,4171.13
2022-06-29 06:00:00,23.10,4059.63
2022-06-29 05:00:00,26.34,3914.33
2022-06-29 04:00:00,27.62,3806.05
2022-06-29 03:00:00,28.89,3883.34
2022-06-29 02:00:00,30.02,4088.75
2022-06-29 01:00:00,30.81,3879.62
2022-06-29 00:00:00,31.87,3619.43
2022-06-28 23:00:00,33.36,3894.22
2022-06-28 22:00:00,34.08,3976.07
2022-06-28 21:00:00,36.20,3676.69
2022-06-28 20:00:00,38.31,3713.40
2022-06-28 19:00:00,40.22,3780.37
2022-06-28 18:00:00,42.40,3651.36
2022-06-28 17:00:00,44.01,3761.65
2022-06-28 16:00:00,46.25,3799.92
2022-06-28 15:00:00,48.34,3601.04
2022-06-28 14:00:00,51.61,3848.49
2022-06-28 13:00:00,55.59,3660.50
2022-06-28 12:00:00,49.19,3509.82
2022-06-28 11:00:00,15.42,5083.01
2022-06-28 10:00:00,9.02,6247.30
2022-06-28 09:00:00,9.24,6222.57
2022-06-28 08:00:00,9.72,6155.15
2022-06-28 07:00:00,11.08,5964.28
2022-06-28 06:00:00,12.35,5842.79
2022-06-28 05:00:00,14.22,5709.66
2022-06-28 04:00:00,15.84,5597.16
2022-06-28 03:00:00,16.69,5472.41
2022-06-28 02:00:00,17.89,5227.28
2022-06-28 01:00:00,18.79,4906.95
2022-06-28 00:00:00,20.27,4764.00
2022-06-27 23:00:00,23.08,4538.75
2022-06-27 22:00:00,25.84,4428.16
2022-06-27 21:00:00,28.34,4336.65
2022-06-27 20:00:00,30.72,4240.98
2022-06-27 19:00:00,32.66,4152.47
2022-06-27 18:00:00,35.51,4025.94
2022-06-27 17:00:00,38.38,3957.75
2022-06-27 16:00:00,40.80,4103.91
2022-06-27 15:00:00,43.23,4226.68
2022-06-27 14:00:00,46.38,4285.72
2022-06-27 13:00:00,37.88,4232.29
2022-06-27 12:00:00,16.91,7242.49
2022-06-27 11:00:00,17.87,7229.57
2022-06-27 10:00:00,18.99,7139.44
2022-06-27 09:00:00,20.21,6971.82
2022-06-27 08:00:00,20.93,6824.29
2022-06-27 07:00:00,21.49,6746.39
2022-06-27 06:00:00,22.31,6674.49
2022-06-27 05:00:00,24.15,6577.95
2022-06-27 04:00:00,25.36,6266.80
2022-06-27 03:00:00,26.15,6179.07
2022-06-27 02:00:00,26.73,6015.00
2022-06-27 01:00:00,27.92,5943.71
2022-06-27 00:00:00,29.00,5785.52
2022-06-26 23:00:00,30.14,5572.12
2022-06-26 22:00:00,30.14,5551.70
2022-06-26 21:00:00,30.12,5543.87
2022-06-26 20:00:00,30.10,5536.80
2022-06-26 19:00:00,30.09,5529.11
2022-06-26 18:00:00,30.03,5521.82
2022-06-26 17:00:00,30.01,5514.19
2022-06-26 16:00:00,30.01,5504.69
2022-06-26 15:00:00,29.98,5496.03
2022-06-26 14:00:00,29.98,5486.24
2022-06-26 13:00:00,29.96,5478.47
2022-06-26 12:00:00,29.99,5469.21
2022-06-26 11:00:00,29.85,5458.18
2022-06-26 10:00:00,29.75,5449.43
2022-06-26 09:00:00,29.84,5440.01
2022-06-26 08:00:00,29.67,5433.19
2022-06-26 07:00:00,30.07,5417.95
2022-06-26 06:00:00,30.32,5397.08
2022-06-26 05:00:00,30.37,5380.73
2022-06-26 04:00:00,30.36,5371.12
2022-06-26 03:00:00,30.36,5359.02
2022-06-26 02:00:00,30.38,5346.09
2022-06-26 01:00:00,30.37,5333.84
2022-06-26 00:00:00,30.35,5321.18
2022-06-25 23:00:00,30.35,5306.02
2022-06-25 22:00:00,30.40,5276.80
2022-06-25 21:00:00,30.62,5247.47
2022-06-25 20:00:00,31.59,5184.52
2022-06-25 19:00:00,33.32,5091.83
2022-06-25 18:00:00,34.31,5025.69
2022-06-25 17:00:00,34.99,4968.01
2022-06-25 16:00:00,35.67,4875.22
2022-06-25 15:00:00,36.10,4867.60
2022-06-25 14:00:00,37.07,4785.93
2022-06-25 13:00:00,37.32,4727.99
2022-06-25 12:00:00,37.98,4709.51
2022-06-25 11:00:00,39.10,4587.04
2022-06-25 10:00:00,39.93,4583.98
2022-06-25 09:00:00,41.06,4389.06
2022-06-25 08:00:00,42.02,4316.58
2022-06-25 07:00:00,42.96,4284.91
2022-06-25 06:00:00,45.14,4248.20
2022-06-25 05:00:00,46.37,4127.93
2022-06-25 04:00:00,47.37,4075.64
2022-06-25 03:00:00,47.89,4045.63
2022-06-25 02:00:00,48.45,4003.95
2022-06-25 01:00:00,49.22,3958.52
2022-06-25 00:00:00,50.50,3860.77
2022-06-24 23:00:00,50.69,3832.93
2022-06-24 22:00:00,51.45,3789.58
2022-06-24 21:00:00,52.97,3737.37
2022-06-24 20:00:00,55.55,3688.95
2022-06-24 19:00:00,56.75,3614.60
2022-06-24 18:00:00,58.78,3591.50
2022-06-24 17:00:00,61.04,3852.80
2022-06-24 16:00:00,64.29,4503.59
2022-06-24 15:00:00,65.34,4134.05
2022-06-24 14:00:00,66.63,3713.51
2022-06-24 13:00:00,67.35,3681.61
2022-06-24 12:00:00,68.15,3677.99
2022-06-24 11:00:00,69.29,3719.20
2022-06-24 10:00:00,72.29,3927.92
2022-06-24 09:00:00,62.91,3857.28
2022-06-24 08:00:00,52.28,3865.71
2022-06-24 07:00:00,53.54,3689.18
2022-06-24 06:00:00,54.39,3613.53
2022-06-24 05:00:00,55.70,3754.47
2022-06-24 04:00:00,57.38,4007.47
2022-06-24 03:00:00,58.42,3971.02
2022-06-24 02:00:00,59.53,3640.69
2022-06-24 01:00:00,60.46,3754.10
2022-06-24 00:00:00,61.29,3698.55
2022-06-23 23:00:00,61.76,3793.50
2022-06-23 22:00:00,62.37,3684.53
2022-06-23 21:00:00,62.92,3766.24
2022-06-23 20:00:00,65.01,3892.16
2022-06-23 19:00:00,66.53,3741.77
2022-06-23 18:00:00,67.12,3731.75
2022-06-23 17:00:00,68.93,3785.79
2022-06-23 16:00:00,71.90,3697.56
2022-06-23 15:00:00,73.28,3813.56
2022-06-23 14:00:00,75.92,4166.82
2022-06-23 13:00:00,78.11,4384.17
2022-06-23 12:00:00,66.29,3547.96
2022-06-23 11:00:00,33.91,4434.01
2022-06-23 10:00:00,30.30,4854.09
2022-06-23 09:00:00,33.89,4717.15
2022-06-23 08:00:00,36.92,4643.20
2022-06-23 07:00:00,39.34,4546.10
2022-06-23 06:00:00,42.59,4471.04
2022-06-23 05:00:00,43.95,4389.76
2022-06-23 04:00:00,45.64,4324.89
2022-06-23 03:00:00,46.90,4275.68
2022-06-23 02:00:00,47.09,4263.08
2022-06-23 01:00:00,47.60,4227.04
2022-06-23 00:00:00,48.64,4139.23
2022-06-22 23:00:00,50.41,4091.77
2022-06-22 22:00:00,51.87,4024.67
2022-06-22 21:00:00,53.69,4003.48
2022-06-22 20:00:00,56.62,3898.81
2022-06-22 19:00:00,58.88,3888.85
2022-06-22 18:00:00,60.82,3779.98
2022-06-22 17:00:00,62.78,3870.86
2022-06-22 16:00:00,64.20,4067.99
2022-06-22 15:00:00,65.62,4093.99
2022-06-22 14:00:00,66.44,4090.61
2022-06-22 13:00:00,68.12,4091.04
2022-06-22 12:00:00,70.57,3760.62
2022-06-22 11:00:00,72.44,4099.25
2022-06-22 10:00:00,73.86,4320.79
2022-06-22 09:00:00,75.16,4493.55
2022-06-22 08:00:00,77.81,3850.01
2022-06-22 07:00:00,70.40,3718.91
2022-06-22 06:00:00,55.75,4000.99
2022-06-22 05:00:00,57.10,3837.10
2022-06-22 04:00:00,59.75,3826.74
2022-06-22 03:00:00,60.17,3809.09
2022-06-22 02:00:00,61.10,3775.76
2022-06-22 01:00:00,61.36,3676.82
2022-06-22 00:00:00,61.76,3722.15
2022-06-21 23:00:00,62.50,3839.03
2022-06-21 22:00:00,63.09,3644.58
2022-06-21 21:00:00,63.80,3783.92
2022-06-21 20:00:00,65.66,3770.24
2022-06-21 19:00:00,68.02,3766.46
2022-06-21 18:00:00,69.55,3885.15
2022-06-21 17:00:00,71.95,4211.32
2022-06-21 16:00:00,75.49,4508.43
2022-06-21 15:00:00,77.53,3667.06
2022-06-21 14:00:00,79.25,3778.43
2022-06-21 13:00:00,81.75,3786.06
2022-06-21 12:00:00,73.58,3588.75
2022-06-21 11:00:00,53.21,4165.27
2022-06-21 10:00:00,54.71,4131.63
2022-06-21 09:00:00,55.43,3994.34
2022-06-21 08:00:00,56.51,3948.38
2022-06-21 07:00:00,57.23,3980.38
2022-06-21 06:00:00,59.07,3907.52
2022-06-21 05:00:00,60.71,3849.04
2022-06-21 04:00:00,61.88,3898.71
2022-06-21 03:00:00,63.01,4112.77
2022-06-21 02:00:00,63.31,4207.34
2022-06-21 01:00:00,64.17,4153.47
2022-06-21 00:00:00,65.42,4109.96
